flux,wavelength
0.0,4700.0
2887.8396,4701.25
2845.9775,4702.5
2775.4568,4703.75
2751.2395,4705.0
2721.5256,4706.25
2688.356,4707.5
2561.8809,4708.75
2491.8127,4710.0
2619.3481,4711.25
2742.508,4712.5
2641.3987,4713.75
2744.9924,4715.0
2863.8809,4716.25
2791.445,4717.5
2999.0093,4718.75
2962.618,4720.0
2914.8254,4721.25
3024.252,4722.5
2854.22,4723.75
3088.0896,4725.0
2985.9214,4726.25
2872.6914,4727.5
2968.6885,4728.75
2880.4736,4730.0
2911.6924,4731.25
2899.091,4732.5
2882.3599,4733.75
2890.6858,4735.0
2843.1062,4736.25
2905.2842,4737.5
2929.987,4738.75
2924.3342,4740.0
2883.794,4741.25
2949.0435,4742.5
2946.3953,4743.75
3014.302,4745.0
2912.1873,4746.25
2880.7075,4747.5
2834.647,4748.75
2827.0286,4750.0
2615.5386,4751.25
2650.8171,4752.5
2797.3162,4753.75
2739.224,4755.0
2824.4688,4756.25
2987.9768,4757.5
2662.2034,4758.75
2579.925,4760.0
2693.3845,4761.25
2777.3462,4762.5
2641.9382,4763.75
2848.954,4765.0
2862.3376,4766.25
2845.0308,4767.5
2958.4346,4768.75
3016.4824,4770.0
2919.144,4771.25
2869.648,4772.5
2884.278,4773.75
2838.814,4775.0
2973.0964,4776.25
2987.6455,4777.5
2987.8237,4778.75
2921.1162,4780.0
2933.2908,4781.25
2806.407,4782.5
2811.4058,4783.75
2649.888,4785.0
2578.436,4786.25
2604.498,4787.5
2649.788,4788.75
2602.1973,4790.0
2641.7444,4791.25
2804.2844,4792.5
2971.3765,4793.75
3027.5425,4795.0
3041.7117,4796.25
3172.671,4797.5
3174.5315,4798.75
2978.1687,4800.0
2957.1938,4801.25
2806.6565,4802.5
2650.3108,4803.75
2715.3416,4805.0
2631.3777,4806.25
2790.1475,4807.5
3606.1846,4808.75
4570.659,4810.0
5148.9795,4811.25
6319.4062,4812.5
7176.0264,4813.75
7098.716,4815.0
6411.1167,4816.25
5730.281,4817.5
5176.5024,4818.75
4196.6304,4820.0
2993.3594,4821.25
2438.5212,4822.5
2336.4448,4823.75
2448.5017,4825.0
2517.048,4826.25
2686.0637,4827.5
2901.2104,4828.75
3207.0354,4830.0
3324.204,4831.25
3330.7627,4832.5
3264.2961,4833.75
3120.2024,4835.0
2899.6338,4836.25
2870.492,4837.5
2695.6184,4838.75
2411.6685,4840.0
2325.12,4841.25
2321.1572,4842.5
2511.944,4843.75
2611.1797,4845.0
2796.9158,4846.25
3047.8115,4847.5
3222.0205,4848.75
3213.645,4850.0
3237.2546,4851.25
3311.7197,4852.5
3269.5278,4853.75
3265.6545,4855.0
3262.7627,4856.25
3264.7178,4857.5
3230.0012,4858.75
3261.3499,4860.0
3173.3586,4861.25
3109.9119,4862.5
3081.2617,4863.75
2855.6914,4865.0
2915.1404,4866.25
2724.345,4867.5
2728.8315,4868.75
2818.3767,4870.0
2806.0742,4871.25
3025.6528,4872.5
3034.8223,4873.75
3184.921,4875.0
3279.491,4876.25
3485.9875,4877.5
3746.064,4878.75
3748.8372,4880.0
3738.153,4881.25
3855.3997,4882.5
3846.1516,4883.75
3972.857,4885.0
4028.259,4886.25
3987.6326,4887.5
3999.228,4888.75
3844.9045,4890.0
3677.6018,4891.25
3609.9307,4892.5
3468.1533,4893.75
3496.2344,4895.0
3338.531,4896.25
3303.9756,4897.5
3049.669,4898.75
3060.116,4900.0
2847.8271,4901.25
2761.219,4902.5
2540.6294,4903.75
2554.9602,4905.0
2601.63,4906.25
2813.2095,4907.5
2931.0457,4908.75
3090.243,4910.0
3316.7275,4911.25
3394.2537,4912.5
3611.077,4913.75
3677.5964,4915.0
3788.6873,4916.25
3781.3984,4917.5
3737.1692,4918.75
3966.4697,4920.0
3923.6758,4921.25
4007.9531,4922.5
3951.1538,4923.75
3901.3325,4925.0
3752.3257,4926.25
3622.9836,4927.5
3690.9675,4928.75
3686.7666,4930.0
3614.6775,4931.25
3540.5933,4932.5
3593.5264,4933.75
3466.1914,4935.0
3446.02,4936.25
3497.9553,4937.5
3475.4119,4938.75
3447.8335,4940.0
3251.4573,4941.25
3133.3416,4942.5
3137.8494,4943.75
3082.957,4945.0
2921.0017,4946.25
2664.9631,4947.5
2513.443,4948.75
2534.7705,4950.0
2502.3613,4951.25
2438.1606,4952.5
2363.8735,4953.75
2436.7954,4955.0
2448.0354,4956.25
2606.4119,4957.5
2590.809,4958.75
2857.0403,4960.0
2992.0605,4961.25
3218.5833,4962.5
3322.963,4963.75
3374.2607,4965.0
3658.6091,4966.25
3613.2166,4967.5
3659.4963,4968.75
3724.9348,4970.0
3902.6494,4971.25
3830.3533,4972.5
3886.6301,4973.75
3905.6313,4975.0
3958.755,4976.25
3882.3071,4977.5
3889.255,4978.75
3880.7046,4980.0
3735.2874,4981.25
3746.9521,4982.5
3801.0789,4983.75
3847.2805,4985.0
3846.9807,4986.25
3951.5334,4987.5
3977.0432,4988.75
4053.7334,4990.0
4117.2573,4991.25
4095.0413,4992.5
4204.963,4993.75
4282.6187,4995.0
4246.3228,4996.25
4067.482,4997.5
3970.566,4998.75
3884.4475,5000.0
3803.0356,5001.25
3787.0063,5002.5
3755.6611,5003.75
3767.0605,5005.0
3726.9817,5006.25
3663.7454,5007.5
3678.7258,5008.75
3543.3855,5010.0
3486.2002,5011.25
3412.4612,5012.5
3301.219,5013.75
3225.817,5015.0
3148.624,5016.25
3014.1719,5017.5
2933.2734,5018.75
3074.8975,5020.0
2946.904,5021.25
2847.3208,5022.5
2842.7087,5023.75
3120.6006,5025.0
3196.6409,5026.25
3237.2913,5027.5
3214.101,5028.75
3424.7102,5030.0
3453.3193,5031.25
3608.7449,5032.5
3640.0203,5033.75
3727.8643,5035.0
3755.7905,5036.25
3839.055,5037.5
3905.8442,5038.75
3909.578,5040.0
3878.3215,5041.25
3870.682,5042.5
3997.4197,5043.75
4044.039,5045.0
4080.9275,5046.25
4195.859,5047.5
4222.2295,5048.75
4232.419,5050.0
4384.3633,5051.25
4482.3647,5052.5
4362.3584,5053.75
4341.298,5055.0
4354.699,5056.25
4344.4863,5057.5
4344.3457,5058.75
4185.1777,5060.0
4143.472,5061.25
4092.9407,5062.5
4040.287,5063.75
4074.537,5065.0
4070.2598,5066.25
4014.2312,5067.5
3986.9548,5068.75
3967.2422,5070.0
3928.1921,5071.25
3720.35,5072.5
3542.3965,5073.75
3286.0686,5075.0
3066.2812,5076.25
2785.3923,5077.5
2564.5388,5078.75
2512.9316,5080.0
2491.6694,5081.25
2650.683,5082.5
2869.192,5083.75
3160.0881,5085.0
3360.3818,5086.25
3438.9028,5087.5
3632.0007,5088.75
3716.3818,5090.0
3799.9812,5091.25
3824.9456,5092.5
3916.138,5093.75
4026.8955,5095.0
3955.8103,5096.25
4075.3103,5097.5
4114.344,5098.75
4164.238,5100.0
4139.172,5101.25
4254.4185,5102.5
4207.815,5103.75
4224.9316,5105.0
4245.5015,5106.25
4136.0107,5107.5
3999.864,5108.75
4124.922,5110.0
4159.615,5111.25
4066.6062,5112.5
3833.388,5113.75
3649.0881,5115.0
3438.4492,5116.25
3316.9473,5117.5
3074.6492,5118.75
2889.034,5120.0
2524.836,5121.25
2468.378,5122.5
2368.8296,5123.75
2351.208,5125.0
2162.3315,5126.25
2108.2942,5127.5
2300.841,5128.75
2480.7522,5130.0
2733.113,5131.25
2894.0012,5132.5
3046.5935,5133.75
3134.2354,5135.0
3530.4368,5136.25
3713.7913,5137.5
3812.0137,5138.75
3988.0774,5140.0
4051.0327,5141.25
4184.128,5142.5
4280.55,5143.75
4206.512,5145.0
4312.054,5146.25
4339.0923,5147.5
4354.059,5148.75
4406.68,5150.0
4521.084,5151.25
4578.741,5152.5
4557.847,5153.75
4630.145,5155.0
4672.6,5156.25
4625.383,5157.5
4635.853,5158.75
4568.8374,5160.0
4527.9478,5161.25
4521.554,5162.5
4640.494,5163.75
4721.8438,5165.0
4880.2217,5166.25
4797.4316,5167.5
4782.914,5168.75
4813.612,5170.0
4833.58,5171.25
4629.714,5172.5
4722.892,5173.75
4564.2095,5175.0
4712.0757,5176.25
4696.388,5177.5
4853.9927,5178.75
4812.4595,5180.0
4901.883,5181.25
4862.5913,5182.5
4899.693,5183.75
4964.3687,5185.0
4945.1685,5186.25
4969.9023,5187.5
4976.136,5188.75
4973.9736,5190.0
5052.603,5191.25
5008.3115,5192.5
4931.067,5193.75
4940.447,5195.0
4861.318,5196.25
4890.6636,5197.5
4749.51,5198.75
4805.3813,5200.0
4864.2993,5201.25
4878.233,5202.5
4756.7827,5203.75
4717.438,5205.0
4665.864,5206.25
4575.3965,5207.5
4519.9473,5208.75
4665.544,5210.0
4648.6187,5211.25
4830.458,5212.5
4997.9414,5213.75
4968.068,5215.0
5025.0586,5216.25
5019.9893,5217.5
5076.464,5218.75
4910.5557,5220.0
4903.6104,5221.25
4722.8228,5222.5
4594.9023,5223.75
4601.8438,5225.0
4627.3677,5226.25
4693.4062,5227.5
4749.9946,5228.75
4915.2393,5230.0
5003.923,5231.25
4976.5015,5232.5
4847.995,5233.75
4852.8906,5235.0
4812.4443,5236.25
4661.9062,5237.5
4616.395,5238.75
4718.031,5240.0
4716.5537,5241.25
4778.9956,5242.5
4737.3975,5243.75
4690.973,5245.0
4647.4272,5246.25
4555.829,5247.5
4592.291,5248.75
4598.8687,5250.0
4636.8857,5251.25
4668.317,5252.5
4722.2036,5253.75
4684.5396,5255.0
4673.17,5256.25
4773.8784,5257.5
4804.6724,5258.75
4618.566,5260.0
4567.5425,5261.25
4556.5522,5262.5
4509.016,5263.75
4484.146,5265.0
4474.2275,5266.25
4532.9106,5267.5
4606.9746,5268.75
4575.812,5270.0
4656.9644,5271.25
4695.806,5272.5
4752.8584,5273.75
4724.7905,5275.0
4580.1035,5276.25
4672.5986,5277.5
4688.624,5278.75
4634.533,5280.0
4684.5327,5281.25
4721.833,5282.5
4692.296,5283.75
4534.656,5285.0
4458.2104,5286.25
4310.3765,5287.5
4122.2734,5288.75
3953.276,5290.0
3831.4673,5291.25
3767.3145,5292.5
3921.2058,5293.75
3950.2488,5295.0
3812.4177,5296.25
3669.5095,5297.5
3626.786,5298.75
3833.7642,5300.0
3992.0454,5301.25
3903.5408,5302.5
3911.3452,5303.75
3988.1597,5305.0
4115.3643,5306.25
4208.0513,5307.5
4256.6753,5308.75
4215.246,5310.0
4403.351,5311.25
4526.296,5312.5
4630.2534,5313.75
4637.529,5315.0
4599.2153,5316.25
4544.257,5317.5
4609.4424,5318.75
4579.7974,5320.0
4642.2803,5321.25
4604.746,5322.5
4644.169,5323.75
4628.738,5325.0
4665.986,5326.25
4757.7617,5327.5
4690.4277,5328.75
4653.6167,5330.0
4759.1504,5331.25
4641.379,5332.5
4548.515,5333.75
4592.164,5335.0
4592.503,5336.25
4509.211,5337.5
4539.2573,5338.75
4669.885,5340.0
4686.8394,5341.25
4706.4165,5342.5
4974.61,5343.75
5079.289,5345.0
4945.004,5346.25
4873.499,5347.5
4663.576,5348.75
4688.625,5350.0
4547.5923,5351.25
4665.4,5352.5
4588.673,5353.75
4652.0103,5355.0
4672.024,5356.25
4850.501,5357.5
4725.88,5358.75
4678.4966,5360.0
4677.88,5361.25
4706.3726,5362.5
4710.8257,5363.75
4711.2007,5365.0
4672.682,5366.25
4734.3975,5367.5
4800.268,5368.75
4793.21,5370.0
4831.4365,5371.25
4830.2705,5372.5
4827.2925,5373.75
4880.7007,5375.0
4873.018,5376.25
4993.0977,5377.5
5009.525,5378.75
4985.1484,5380.0
4909.02,5381.25
4934.173,5382.5
4950.926,5383.75
4821.3003,5385.0
4745.525,5386.25
4701.65,5387.5
4610.8667,5388.75
4482.044,5390.0
4524.0786,5391.25
4513.509,5392.5
4580.29,5393.75
4528.2056,5395.0
4646.751,5396.25
4647.9863,5397.5
4703.898,5398.75
4755.0225,5400.0
4741.7856,5401.25
4770.255,5402.5
4738.747,5403.75
4811.9243,5405.0
4775.989,5406.25
4660.572,5407.5
4763.472,5408.75
4921.2275,5410.0
4760.374,5411.25
4816.3345,5412.5
4823.6035,5413.75
4961.387,5415.0
4932.6597,5416.25
4953.189,5417.5
4794.602,5418.75
4723.6,5420.0
4646.259,5421.25
4551.2354,5422.5
4583.0503,5423.75
4626.733,5425.0
4637.235,5426.25
4685.936,5427.5
4717.8687,5428.75
4801.262,5430.0
4784.1055,5431.25
4883.9316,5432.5
4918.815,5433.75
4831.3643,5435.0
4937.178,5436.25
4896.0093,5437.5
4915.5034,5438.75
4950.547,5440.0
4823.5176,5441.25
4822.328,5442.5
4792.2334,5443.75
4890.26,5445.0
4874.993,5446.25
4889.514,5447.5
5005.493,5448.75
5071.2603,5450.0
5014.911,5451.25
5009.5127,5452.5
4831.018,5453.75
4765.813,5455.0
4515.832,5456.25
4301.9185,5457.5
4327.8765,5458.75
4333.817,5460.0
4509.4683,5461.25
4717.5244,5462.5
4841.0747,5463.75
4765.12,5465.0
4855.8647,5466.25
4841.9053,5467.5
4838.5376,5468.75
4739.8774,5470.0
4721.185,5471.25
4847.7563,5472.5
4810.7446,5473.75
4732.486,5475.0
4878.816,5476.25
4944.6606,5477.5
4981.5435,5478.75
5153.748,5480.0
5010.45,5481.25
4932.628,5482.5
4913.562,5483.75
5047.915,5485.0
4837.746,5486.25
4772.1675,5487.5
4765.464,5488.75
4717.336,5490.0
4734.256,5491.25
4737.888,5492.5
4788.9014,5493.75
4791.7573,5495.0
4904.2646,5496.25
4899.071,5497.5
4896.4785,5498.75
4817.7466,5500.0
4752.0625,5501.25
4798.1455,5502.5
4713.479,5503.75
4871.227,5505.0
4887.0757,5506.25
5048.2,5507.5
5137.472,5508.75
4987.414,5510.0
4979.5903,5511.25
4913.429,5512.5
4762.2812,5513.75
4583.873,5515.0
4514.304,5516.25
4507.3237,5517.5
4398.9956,5518.75
4532.535,5520.0
4663.093,5521.25
4659.3706,5522.5
4751.7944,5523.75
4904.168,5525.0
4860.808,5526.25
4863.0073,5527.5
4921.1133,5528.75
4869.6426,5530.0
4924.456,5531.25
4796.8267,5532.5
4658.1,5533.75
4614.047,5535.0
4531.9834,5536.25
4544.55,5537.5
4498.038,5538.75
4424.821,5540.0
4392.0176,5541.25
4443.898,5542.5
4451.937,5543.75
4505.7715,5545.0
4593.4697,5546.25
4574.3535,5547.5
4472.3716,5548.75
4276.033,5550.0
4177.553,5551.25
4220.082,5552.5
4056.3801,5553.75
4135.3203,5555.0
3955.0657,5556.25
3982.3157,5557.5
4137.2744,5558.75
3958.234,5560.0
4002.223,5561.25
3988.0024,5562.5
3969.8645,5563.75
3981.133,5565.0
4123.4307,5566.25
4112.487,5567.5
4117.6104,5568.75
4223.5557,5570.0
4470.979,5571.25
4704.1064,5572.5
4886.934,5573.75
5225.6445,5575.0
4863.28,5576.25
4761.394,5577.5
4748.827,5578.75
4802.485,5580.0
4913.244,5581.25
4878.6235,5582.5
4592.1665,5583.75
4475.946,5585.0
4264.5024,5586.25
4396.9946,5587.5
4452.492,5588.75
4422.3945,5590.0
4546.47,5591.25
4618.199,5592.5
4656.5117,5593.75
4697.674,5595.0
4522.0635,5596.25
4384.659,5597.5
4169.994,5598.75
4175.9897,5600.0
4390.9126,5601.25
4932.6475,5602.5
4843.063,5603.75
4311.4834,5605.0
4164.094,5606.25
4287.448,5607.5
4560.3325,5608.75
4744.85,5610.0
4399.2314,5611.25
4145.805,5612.5
4276.6006,5613.75
4436.6064,5615.0
4439.9253,5616.25
4431.759,5617.5
4441.477,5618.75
4446.8247,5620.0
4548.7964,5621.25
4551.483,5622.5
4506.9595,5623.75
4631.516,5625.0
4780.581,5626.25
4759.828,5627.5
4825.383,5628.75
4863.353,5630.0
4998.026,5631.25
5000.685,5632.5
4958.282,5633.75
5124.4077,5635.0
5204.8984,5636.25
5230.4746,5637.5
5066.059,5638.75
5044.754,5640.0
5118.367,5641.25
4928.3994,5642.5
4925.0806,5643.75
4885.261,5645.0
4927.4863,5646.25
4826.7383,5647.5
4792.024,5648.75
4865.5596,5650.0
4835.4,5651.25
4883.562,5652.5
4877.9653,5653.75
4960.7407,5655.0
4956.485,5656.25
4830.493,5657.5
4741.06,5658.75
4487.2217,5660.0
4481.105,5661.25
4322.219,5662.5
4335.085,5663.75
4299.151,5665.0
4459.7334,5666.25
4641.656,5667.5
4683.5293,5668.75
4739.442,5670.0
4685.775,5671.25
4746.3936,5672.5
4698.037,5673.75
4788.89,5675.0
4999.592,5676.25
5014.679,5677.5
4909.304,5678.75
4954.0835,5680.0
4843.667,5681.25
4931.7075,5682.5
4905.6772,5683.75
4780.7563,5685.0
4729.8545,5686.25
4676.106,5687.5
4674.8584,5688.75
4745.701,5690.0
4577.656,5691.25
4661.971,5692.5
4750.1763,5693.75
4921.183,5695.0
4910.283,5696.25
5042.0166,5697.5
5047.334,5698.75
4855.263,5700.0
4875.168,5701.25
4845.493,5702.5
4895.0054,5703.75
4922.1924,5705.0
4949.5024,5706.25
4950.252,5707.5
5074.4536,5708.75
5125.153,5710.0
5001.706,5711.25
4950.0405,5712.5
5025.963,5713.75
5035.2583,5715.0
5021.0146,5716.25
5084.13,5717.5
5020.6685,5718.75
4989.027,5720.0
4951.289,5721.25
4979.64,5722.5
4963.392,5723.75
4866.106,5725.0
4839.8564,5726.25
4886.315,5727.5
4817.5195,5728.75
4925.9185,5730.0
5104.683,5731.25
5106.698,5732.5
4963.0747,5733.75
5059.836,5735.0
4971.408,5736.25
4916.1533,5737.5
5028.4175,5738.75
4986.412,5740.0
5062.9478,5741.25
5157.7583,5742.5
5124.596,5743.75
5273.8105,5745.0
5196.261,5746.25
5162.6416,5747.5
5162.383,5748.75
5001.7065,5750.0
4948.6665,5751.25
4962.4043,5752.5
4879.9395,5753.75
4854.7144,5755.0
4889.035,5756.25
4857.4497,5757.5
4716.8916,5758.75
4829.5396,5760.0
4891.6924,5761.25
4934.4697,5762.5
4935.943,5763.75
4960.247,5765.0
4926.698,5766.25
5032.699,5767.5
4993.612,5768.75
4955.2397,5770.0
4981.4917,5771.25
4958.7593,5772.5
5051.908,5773.75
5082.891,5775.0
5111.0625,5776.25
5193.422,5777.5
5367.6177,5778.75
5384.8765,5780.0
5362.2705,5781.25
5275.572,5782.5
5203.327,5783.75
5111.9443,5785.0
4973.0547,5786.25
4950.173,5787.5
4966.587,5788.75
5010.6406,5790.0
5103.9175,5791.25
5163.869,5792.5
5215.2783,5793.75
5201.364,5795.0
5245.0967,5796.25
5285.021,5797.5
5237.2383,5798.75
5329.036,5800.0
5118.0825,5801.25
5045.721,5802.5
5038.1177,5803.75
0.0,5805.0
0.0,5806.25
0.0,5807.5
0.0,5808.75
0.0,5810.0
0.0,5811.25
0.0,5812.5
0.0,5813.75
0.0,5815.0
0.0,5816.25
0.0,5817.5
0.0,5818.75
0.0,5820.0
0.0,5821.25
0.0,5822.5
0.0,5823.75
0.0,5825.0
0.0,5826.25
0.0,5827.5
0.0,5828.75
0.0,5830.0
0.0,5831.25
0.0,5832.5
0.0,5833.75
0.0,5835.0
0.0,5836.25
0.0,5837.5
0.0,5838.75
0.0,5840.0
0.0,5841.25
0.0,5842.5
0.0,5843.75
0.0,5845.0
0.0,5846.25
0.0,5847.5
0.0,5848.75
0.0,5850.0
0.0,5851.25
0.0,5852.5
0.0,5853.75
0.0,5855.0
0.0,5856.25
0.0,5857.5
0.0,5858.75
0.0,5860.0
0.0,5861.25
0.0,5862.5
0.0,5863.75
0.0,5865.0
0.0,5866.25
0.0,5867.5
0.0,5868.75
0.0,5870.0
0.0,5871.25
0.0,5872.5
0.0,5873.75
0.0,5875.0
0.0,5876.25
0.0,5877.5
0.0,5878.75
0.0,5880.0
0.0,5881.25
0.0,5882.5
0.0,5883.75
0.0,5885.0
0.0,5886.25
0.0,5887.5
0.0,5888.75
0.0,5890.0
0.0,5891.25
0.0,5892.5
0.0,5893.75
0.0,5895.0
0.0,5896.25
0.0,5897.5
0.0,5898.75
0.0,5900.0
0.0,5901.25
0.0,5902.5
0.0,5903.75
0.0,5905.0
0.0,5906.25
0.0,5907.5
0.0,5908.75
0.0,5910.0
0.0,5911.25
0.0,5912.5
0.0,5913.75
0.0,5915.0
0.0,5916.25
0.0,5917.5
0.0,5918.75
0.0,5920.0
0.0,5921.25
0.0,5922.5
0.0,5923.75
0.0,5925.0
0.0,5926.25
0.0,5927.5
0.0,5928.75
0.0,5930.0
0.0,5931.25
0.0,5932.5
0.0,5933.75
0.0,5935.0
0.0,5936.25
0.0,5937.5
0.0,5938.75
0.0,5940.0
0.0,5941.25
0.0,5942.5
0.0,5943.75
0.0,5945.0
0.0,5946.25
0.0,5947.5
0.0,5948.75
0.0,5950.0
0.0,5951.25
0.0,5952.5
0.0,5953.75
0.0,5955.0
0.0,5956.25
0.0,5957.5
0.0,5958.75
0.0,5960.0
0.0,5961.25
0.0,5962.5
0.0,5963.75
0.0,5965.0
0.0,5966.25
5406.77,5967.5
5382.912,5968.75
5291.5273,5970.0
5443.3955,5971.25
5463.2095,5972.5
5424.6494,5973.75
5463.3325,5975.0
5450.6196,5976.25
5373.2896,5977.5
5417.804,5978.75
5340.361,5980.0
5402.8823,5981.25
5428.5176,5982.5
5395.972,5983.75
5392.2715,5985.0
5257.937,5986.25
5289.0728,5987.5
5238.7715,5988.75
5156.475,5990.0
5274.784,5991.25
5271.515,5992.5
5286.308,5993.75
5262.8335,5995.0
5298.569,5996.25
5301.8325,5997.5
5216.2144,5998.75
5080.742,6000.0
5077.7837,6001.25
5170.2964,6002.5
5074.633,6003.75
5187.145,6005.0
5153.4707,6006.25
5160.8926,6007.5
5245.2715,6008.75
5234.982,6010.0
5249.9165,6011.25
5372.207,6012.5
5307.877,6013.75
5352.399,6015.0
5396.675,6016.25
5426.801,6017.5
5394.095,6018.75
5390.4463,6020.0
5466.433,6021.25
5331.3477,6022.5
5284.566,6023.75
5133.326,6025.0
4974.495,6026.25
4957.1504,6027.5
4910.3413,6028.75
4868.696,6030.0
4968.421,6031.25
5006.3203,6032.5
5058.1616,6033.75
5301.5015,6035.0
5419.2446,6036.25
5291.256,6037.5
5252.847,6038.75
5321.9995,6040.0
5310.1484,6041.25
5263.1826,6042.5
5248.3423,6043.75
5305.378,6045.0
5144.778,6046.25
5217.608,6047.5
5277.2573,6048.75
5259.264,6050.0
5304.817,6051.25
5334.0635,6052.5
5289.8643,6053.75
5286.764,6055.0
5333.7695,6056.25
5300.916,6057.5
5268.0776,6058.75
5228.4326,6060.0
5289.4883,6061.25
5385.898,6062.5
5362.114,6063.75
5304.7246,6065.0
5204.8247,6066.25
5229.892,6067.5
5194.3535,6068.75
5155.634,6070.0
5126.528,6071.25
5058.8623,6072.5
5116.612,6073.75
5140.949,6075.0
5111.3574,6076.25
4986.005,6077.5
5086.765,6078.75
5063.588,6080.0
5074.678,6081.25
5156.68,6082.5
5099.703,6083.75
5096.976,6085.0
5214.299,6086.25
5230.8975,6087.5
5233.9937,6088.75
5174.86,6090.0
5315.989,6091.25
5309.313,6092.5
5399.325,6093.75
5502.0195,6095.0
5418.835,6096.25
5433.2437,6097.5
5464.6436,6098.75
5641.7603,6100.0
5514.1577,6101.25
5392.564,6102.5
5326.776,6103.75
5268.4277,6105.0
5194.6646,6106.25
5157.5547,6107.5
5179.1875,6108.75
5101.9062,6110.0
5192.7,6111.25
5098.4106,6112.5
5226.1743,6113.75
5299.975,6115.0
5287.769,6116.25
5274.9644,6117.5
5230.908,6118.75
5262.303,6120.0
5322.943,6121.25
5318.2466,6122.5
5347.366,6123.75
5377.669,6125.0
5441.2617,6126.25
5357.9204,6127.5
5368.2334,6128.75
5467.785,6130.0
5460.522,6131.25
5468.285,6132.5
5468.1953,6133.75
5454.9414,6135.0
5381.7803,6136.25
5424.811,6137.5
5443.555,6138.75
5380.3022,6140.0
5341.1895,6141.25
5324.019,6142.5
5298.0874,6143.75
5309.7583,6145.0
5203.4995,6146.25
5212.9077,6147.5
5185.019,6148.75
5182.9297,6150.0
5208.4873,6151.25
5094.9585,6152.5
5003.153,6153.75
5181.431,6155.0
5020.923,6156.25
5068.9844,6157.5
5182.4814,6158.75
5207.259,6160.0
5291.5815,6161.25
5353.7007,6162.5
5383.435,6163.75
5383.418,6165.0
5374.9697,6166.25
5382.17,6167.5
5431.916,6168.75
5397.214,6170.0
5426.88,6171.25
5368.215,6172.5
5296.4565,6173.75
5288.175,6175.0
5308.22,6176.25
5309.6846,6177.5
5279.6416,6178.75
5227.5205,6180.0
5237.284,6181.25
5262.3477,6182.5
5235.922,6183.75
5180.5947,6185.0
5190.638,6186.25
5289.9746,6187.5
5318.592,6188.75
5430.9067,6190.0
5380.694,6191.25
5430.9634,6192.5
5448.6245,6193.75
5488.3384,6195.0
5421.7056,6196.25
5370.904,6197.5
5380.1753,6198.75
5300.0693,6200.0
5311.702,6201.25
5241.9976,6202.5
5413.1304,6203.75
5411.31,6205.0
5287.0586,6206.25
5295.8955,6207.5
5291.36,6208.75
5290.285,6210.0
5262.0376,6211.25
5221.413,6212.5
5300.928,6213.75
5386.3145,6215.0
5385.141,6216.25
5258.1885,6217.5
5385.447,6218.75
5381.73,6220.0
5434.7114,6221.25
5415.016,6222.5
5425.1973,6223.75
5371.803,6225.0
5382.7314,6226.25
5331.5957,6227.5
5329.5425,6228.75
5257.7114,6230.0
5258.5327,6231.25
5270.2637,6232.5
5216.969,6233.75
5280.1978,6235.0
5232.765,6236.25
5138.2676,6237.5
5107.7554,6238.75
5210.4106,6240.0
5227.363,6241.25
5164.1235,6242.5
5050.544,6243.75
5090.6504,6245.0
5130.37,6246.25
5125.602,6247.5
5106.725,6248.75
5151.136,6250.0
5032.2505,6251.25
5097.786,6252.5
5088.753,6253.75
5080.7866,6255.0
5075.703,6256.25
5019.2104,6257.5
5085.5596,6258.75
4923.274,6260.0
4840.0947,6261.25
4979.9326,6262.5
4974.9585,6263.75
4973.248,6265.0
4764.744,6266.25
4735.7256,6267.5
4615.481,6268.75
4590.023,6270.0
4515.868,6271.25
4607.9097,6272.5
5578.2666,6273.75
7039.0327,6275.0
6869.215,6276.25
6171.9253,6277.5
5620.5747,6278.75
5710.847,6280.0
6192.0874,6281.25
6468.631,6282.5
5820.7275,6283.75
4886.0933,6285.0
4497.2554,6286.25
4492.711,6287.5
4580.0195,6288.75
4506.809,6290.0
4432.3354,6291.25
4613.9604,6292.5
4614.2705,6293.75
4592.3135,6295.0
4742.693,6296.25
4799.0713,6297.5
4958.316,6298.75
4670.3447,6300.0
5350.6006,6301.25
5052.026,6302.5
4263.571,6303.75
4830.324,6305.0
5103.644,6306.25
4906.6743,6307.5
4900.8115,6308.75
4945.032,6310.0
4842.562,6311.25
4915.3984,6312.5
4907.5166,6313.75
4843.8135,6315.0
4869.6196,6316.25
5013.6763,6317.5
5099.717,6318.75
5232.618,6320.0
5260.539,6321.25
5428.784,6322.5
5395.581,6323.75
5261.2505,6325.0
5476.065,6326.25
5467.102,6327.5
5422.189,6328.75
5352.051,6330.0
5431.8345,6331.25
5208.2373,6332.5
5253.1016,6333.75
5406.0977,6335.0
5418.0913,6336.25
5302.7554,6337.5
5320.235,6338.75
5219.3296,6340.0
5229.6885,6341.25
5219.499,6342.5
5315.917,6343.75
5311.6475,6345.0
5270.558,6346.25
5294.3633,6347.5
5265.3345,6348.75
5180.2783,6350.0
5063.5195,6351.25
5044.076,6352.5
5006.211,6353.75
4972.037,6355.0
4783.1943,6356.25
4841.8413,6357.5
4827.0093,6358.75
5077.2393,6360.0
5180.4233,6361.25
5237.695,6362.5
5133.6406,6363.75
4996.626,6365.0
5115.96,6366.25
5261.455,6367.5
5420.757,6368.75
5377.707,6370.0
5418.715,6371.25
5349.2407,6372.5
5248.417,6373.75
5192.83,6375.0
5193.8535,6376.25
5153.2563,6377.5
5164.058,6378.75
5206.154,6380.0
5237.446,6381.25
5335.9507,6382.5
5372.8745,6383.75
5420.387,6385.0
5500.968,6386.25
5518.675,6387.5
5541.2334,6388.75
5401.481,6390.0
5522.4204,6391.25
5581.7466,6392.5
5512.417,6393.75
5511.798,6395.0
5449.493,6396.25
5507.354,6397.5
5505.6245,6398.75
5377.7603,6400.0
5386.9575,6401.25
5449.2676,6402.5
5499.1885,6403.75
5548.943,6405.0
5530.8027,6406.25
5606.793,6407.5
5652.166,6408.75
5587.51,6410.0
5398.494,6411.25
5302.413,6412.5
5354.934,6413.75
5262.399,6415.0
5336.636,6416.25
5294.21,6417.5
5326.0024,6418.75
5308.0444,6420.0
5381.7754,6421.25
5411.5176,6422.5
5372.647,6423.75
5320.163,6425.0
5382.422,6426.25
5338.73,6427.5
5296.566,6428.75
5137.92,6430.0
5146.356,6431.25
5097.594,6432.5
4994.601,6433.75
4895.9287,6435.0
4963.7236,6436.25
4994.1953,6437.5
4990.4014,6438.75
5079.3936,6440.0
5190.2188,6441.25
5204.525,6442.5
5209.7505,6443.75
5182.6885,6445.0
5256.1475,6446.25
5326.711,6447.5
5347.7534,6448.75
5297.794,6450.0
5285.3564,6451.25
5290.5977,6452.5
5252.331,6453.75
5199.357,6455.0
5174.409,6456.25
5074.2383,6457.5
5033.7925,6458.75
5218.651,6460.0
5291.1875,6461.25
5625.65,6462.5
5958.6074,6463.75
5892.296,6465.0
5816.53,6466.25
5808.9897,6467.5
5858.259,6468.75
5877.7993,6470.0
5785.955,6471.25
5460.6665,6472.5
5038.146,6473.75
4891.7637,6475.0
4843.8965,6476.25
4772.8877,6477.5
4791.4287,6478.75
4921.369,6480.0
4894.832,6481.25
4747.605,6482.5
4583.9146,6483.75
4922.324,6485.0
5135.037,6486.25
4703.3516,6487.5
4863.3823,6488.75
5082.825,6490.0
5040.419,6491.25
5065.1807,6492.5
5084.9194,6493.75
5121.6377,6495.0
5188.9326,6496.25
5179.9287,6497.5
5152.445,6498.75
5166.702,6500.0
5091.0986,6501.25
5155.187,6502.5
5122.3696,6503.75
4990.723,6505.0
5045.324,6506.25
5013.1104,6507.5
4852.127,6508.75
4909.1436,6510.0
4951.647,6511.25
4819.4067,6512.5
4970.052,6513.75
5078.671,6515.0
5171.737,6516.25
5117.321,6517.5
5124.332,6518.75
5186.083,6520.0
5134.299,6521.25
5113.835,6522.5
5146.301,6523.75
5149.062,6525.0
5101.894,6526.25
5161.5684,6527.5
5242.7705,6528.75
5357.7583,6530.0
5344.486,6531.25
5459.3823,6532.5
5306.8228,6533.75
5275.9717,6535.0
5320.3833,6536.25
5323.8135,6537.5
5249.5625,6538.75
5240.499,6540.0
5231.0273,6541.25
5208.2207,6542.5
5114.203,6543.75
5096.0938,6545.0
5103.1255,6546.25
5102.311,6547.5
5207.2046,6548.75
5206.12,6550.0
5184.306,6551.25
5223.5796,6552.5
5060.332,6553.75
5079.613,6555.0
5138.8867,6556.25
4990.4673,6557.5
5039.1206,6558.75
5056.318,6560.0
4972.3984,6561.25
4942.553,6562.5
4980.8633,6563.75
4948.1836,6565.0
5036.0083,6566.25
5101.6606,6567.5
5095.644,6568.75
5198.713,6570.0
5315.152,6571.25
5242.501,6572.5
5247.547,6573.75
5256.734,6575.0
5295.3076,6576.25
5231.441,6577.5
5229.1304,6578.75
5251.747,6580.0
5193.068,6581.25
5177.892,6582.5
5167.154,6583.75
5140.595,6585.0
5087.326,6586.25
5127.2153,6587.5
5061.568,6588.75
5072.343,6590.0
5182.741,6591.25
5195.983,6592.5
5156.1177,6593.75
5103.0903,6595.0
5076.5737,6596.25
5123.9688,6597.5
5133.0176,6598.75
5143.4863,6600.0
5132.7646,6601.25
5144.7173,6602.5
5175.64,6603.75
5210.1665,6605.0
5281.06,6606.25
5265.534,6607.5
5338.8276,6608.75
5401.0615,6610.0
5372.1553,6611.25
5296.8726,6612.5
5264.369,6613.75
5175.5273,6615.0
5072.936,6616.25
5100.303,6617.5
4990.383,6618.75
5037.4375,6620.0
4976.2036,6621.25
4963.7725,6622.5
4987.5747,6623.75
5022.552,6625.0
5081.9434,6626.25
5016.1655,6627.5
5073.497,6628.75
5155.348,6630.0
5094.383,6631.25
5122.3657,6632.5
5041.4526,6633.75
5002.667,6635.0
4991.773,6636.25
5002.599,6637.5
5008.926,6638.75
5034.6807,6640.0
4966.7515,6641.25
4959.853,6642.5
5002.8096,6643.75
4972.4775,6645.0
4992.2915,6646.25
4983.7324,6647.5
4937.7544,6648.75
5038.5986,6650.0
5058.5664,6651.25
4899.634,6652.5
4983.888,6653.75
5035.6587,6655.0
4997.218,6656.25
5048.554,6657.5
5032.1255,6658.75
5127.379,6660.0
5169.7827,6661.25
5265.3115,6662.5
5286.659,6663.75
5260.368,6665.0
5151.848,6666.25
5061.6855,6667.5
4940.426,6668.75
4803.396,6670.0
4630.2256,6671.25
4538.937,6672.5
4410.4287,6673.75
4372.5864,6675.0
4316.228,6676.25
4198.334,6677.5
4209.3525,6678.75
4263.396,6680.0
4456.0835,6681.25
4572.812,6682.5
4619.184,6683.75
4754.717,6685.0
4885.1597,6686.25
4948.0283,6687.5
4922.0337,6688.75
4830.937,6690.0
4776.23,6691.25
4577.1885,6692.5
4511.9834,6693.75
4510.3823,6695.0
4639.8643,6696.25
4627.7207,6697.5
4682.6323,6698.75
4750.401,6700.0
4927.9277,6701.25
5004.375,6702.5
4983.377,6703.75
4922.4355,6705.0
4892.666,6706.25
4993.7876,6707.5
5005.09,6708.75
5069.009,6710.0
5117.994,6711.25
5288.8633,6712.5
5248.766,6713.75
5257.4473,6715.0
5288.0615,6716.25
5276.881,6717.5
5209.2744,6718.75
5124.861,6720.0
4982.2505,6721.25
4930.1724,6722.5
4877.682,6723.75
4788.6494,6725.0
4718.9233,6726.25
4868.4517,6727.5
4911.628,6728.75
5011.4136,6730.0
5089.3804,6731.25
5123.175,6732.5
5088.444,6733.75
5169.72,6735.0
5173.251,6736.25
5197.752,6737.5
5232.9795,6738.75
5161.6987,6740.0
5264.94,6741.25
5259.315,6742.5
5261.4873,6743.75
5265.2046,6745.0
5124.743,6746.25
5002.261,6747.5
4960.363,6748.75
4947.673,6750.0
4912.709,6751.25
4979.73,6752.5
4975.9604,6753.75
4961.296,6755.0
5073.365,6756.25
5118.109,6757.5
5086.759,6758.75
5108.025,6760.0
5218.5005,6761.25
5190.131,6762.5
5231.396,6763.75
5252.5503,6765.0
5304.3833,6766.25
5305.018,6767.5
5388.5215,6768.75
5404.8086,6770.0
5330.5933,6771.25
5272.255,6772.5
5292.8496,6773.75
5256.1963,6775.0
5191.406,6776.25
5238.2715,6777.5
5217.067,6778.75
5134.105,6780.0
5132.513,6781.25
5206.778,6782.5
5170.6685,6783.75
5198.4683,6785.0
5170.6445,6786.25
5285.3228,6787.5
5333.1177,6788.75
5280.832,6790.0
5269.961,6791.25
5282.032,6792.5
5190.2617,6793.75
5068.6587,6795.0
5044.225,6796.25
4897.994,6797.5
4774.137,6798.75
4739.707,6800.0
4695.3374,6801.25
4569.517,6802.5
4537.558,6803.75
4582.1504,6805.0
4686.102,6806.25
4806.108,6807.5
4809.8223,6808.75
4847.6753,6810.0
4934.4814,6811.25
5033.3677,6812.5
5057.458,6813.75
5189.9253,6815.0
5261.014,6816.25
5249.771,6817.5
5208.9375,6818.75
5213.487,6820.0
5203.182,6821.25
5251.766,6822.5
5243.947,6823.75
4874.5654,6825.0
4206.3003,6826.25
4736.0547,6827.5
5804.949,6828.75
5122.7485,6830.0
5005.2305,6831.25
5612.0635,6832.5
5576.642,6833.75
5484.8257,6835.0
5560.163,6836.25
5511.637,6837.5
5370.1104,6838.75
5264.5537,6840.0
5280.6133,6841.25
5236.534,6842.5
5243.167,6843.75
5238.823,6845.0
5287.6753,6846.25
5317.8896,6847.5
5412.508,6848.75
5443.791,6850.0
5424.8335,6851.25
5524.523,6852.5
5498.1436,6853.75
5539.295,6855.0
5599.839,6856.25
5494.1157,6857.5
5554.725,6858.75
5558.893,6860.0
5540.5444,6861.25
5472.005,6862.5
5289.005,6863.75
5357.224,6865.0
5303.208,6866.25
5310.7803,6867.5
5671.347,6868.75
5525.1714,6870.0
5555.3955,6871.25
5657.229,6872.5
5639.07,6873.75
5441.87,6875.0
5341.976,6876.25
5284.227,6877.5
5139.9526,6878.75
5056.801,6880.0
4903.311,6881.25
5033.6055,6882.5
5096.7017,6883.75
5066.2075,6885.0
5237.3765,6886.25
5330.394,6887.5
5369.5376,6888.75
5452.734,6890.0
5302.3735,6891.25
5386.7285,6892.5
5489.5767,6893.75
5290.363,6895.0
5433.0293,6896.25
5422.3467,6897.5
5274.917,6898.75
5461.147,6900.0
5348.3623,6901.25
5223.297,6902.5
5483.7666,6903.75
5532.4727,6905.0
5303.656,6906.25
5304.35,6907.5
5426.2583,6908.75
5382.0044,6910.0
5407.104,6911.25
5541.8486,6912.5
5591.699,6913.75
5490.5635,6915.0
5501.2456,6916.25
5696.7695,6917.5
5773.554,6918.75
5713.637,6920.0
5623.297,6921.25
5624.0312,6922.5
5562.607,6923.75
5437.817,6925.0
5291.1216,6926.25
5456.885,6927.5
5434.186,6928.75
5389.2456,6930.0
5275.897,6931.25
5241.053,6932.5
5228.712,6933.75
5247.0596,6935.0
5192.366,6936.25
5253.0977,6937.5
5370.9688,6938.75
5268.8945,6940.0
5273.863,6941.25
5337.701,6942.5
5363.7373,6943.75
5480.936,6945.0
5502.269,6946.25
5494.2886,6947.5
5392.522,6948.75
5319.292,6950.0
5396.5967,6951.25
5341.4346,6952.5
5466.6924,6953.75
5419.9854,6955.0
5529.825,6956.25
5469.9336,6957.5
5315.2246,6958.75
5396.3486,6960.0
5369.4653,6961.25
5298.9307,6962.5
5339.4277,6963.75
5320.892,6965.0
5183.0493,6966.25
5170.0264,6967.5
5239.0537,6968.75
5240.0244,6970.0
5239.92,6971.25
5303.8457,6972.5
5251.4414,6973.75
5250.7446,6975.0
5260.4575,6976.25
5207.655,6977.5
5101.1436,6978.75
5084.574,6980.0
5071.9243,6981.25
4957.747,6982.5
5003.042,6983.75
5106.5967,6985.0
5118.8584,6986.25
5154.7925,6987.5
5189.422,6988.75
5204.3525,6990.0
5278.605,6991.25
5344.2085,6992.5
5469.817,6993.75
5375.7373,6995.0
5371.0063,6996.25
5429.508,6997.5
5524.762,6998.75
5385.0728,7000.0
5407.515,7001.25
5462.761,7002.5
5477.237,7003.75
5407.005,7005.0
5416.2876,7006.25
5322.703,7007.5
5315.671,7008.75
5325.8535,7010.0
5354.8613,7011.25
5226.5566,7012.5
5244.82,7013.75
5292.3457,7015.0
5266.909,7016.25
5180.2983,7017.5
5189.238,7018.75
5354.2075,7020.0
5380.993,7021.25
5375.4175,7022.5
5475.2856,7023.75
5478.955,7025.0
5596.3857,7026.25
5657.5566,7027.5
5569.52,7028.75
5473.779,7030.0
5498.0356,7031.25
5409.727,7032.5
5417.341,7033.75
5384.906,7035.0
5412.2314,7036.25
5431.7573,7037.5
5361.521,7038.75
5295.2075,7040.0
5265.519,7041.25
5291.839,7042.5
5395.375,7043.75
5358.4653,7045.0
5370.609,7046.25
5428.2363,7047.5
5456.7373,7048.75
5392.6953,7050.0
5295.4907,7051.25
5318.0757,7052.5
5362.568,7053.75
5417.622,7055.0
5423.675,7056.25
5444.4863,7057.5
5356.5938,7058.75
5402.7383,7060.0
5412.012,7061.25
5415.419,7062.5
5433.175,7063.75
5408.042,7065.0
5408.874,7066.25
5329.546,7067.5
5362.102,7068.75
5197.493,7070.0
5275.0728,7071.25
5262.0166,7072.5
5271.391,7073.75
5260.4224,7075.0
5261.7964,7076.25
5230.5015,7077.5
5265.876,7078.75
5321.7188,7080.0
5402.306,7081.25
5464.385,7082.5
5420.9604,7083.75
5481.559,7085.0
5413.776,7086.25
5449.119,7087.5
5480.076,7088.75
5403.0977,7090.0
5400.9097,7091.25
5412.1675,7092.5
5469.336,7093.75
5559.2007,7095.0
5473.7573,7096.25
5477.599,7097.5
5450.5283,7098.75
5471.528,7100.0
5436.4077,7101.25
5418.068,7102.5
5493.93,7103.75
5448.2524,7105.0
5447.17,7106.25
5353.3496,7107.5
5377.9253,7108.75
5332.3696,7110.0
5362.904,7111.25
5351.8965,7112.5
5334.744,7113.75
5366.9126,7115.0
5346.4683,7116.25
5382.8613,7117.5
5342.7803,7118.75
5357.423,7120.0
5331.7046,7121.25
5329.1924,7122.5
5431.1533,7123.75
5462.5625,7125.0
5507.403,7126.25
5643.0713,7127.5
5630.3423,7128.75
5630.468,7130.0
5557.7314,7131.25
5515.888,7132.5
5521.564,7133.75
5468.568,7135.0
5491.596,7136.25
5465.5654,7137.5
5429.5454,7138.75
5391.5996,7140.0
5332.631,7141.25
5315.1094,7142.5
5363.5728,7143.75
5412.3,7145.0
5405.549,7146.25
5420.0596,7147.5
5383.985,7148.75
5419.5337,7150.0
5363.0576,7151.25
5400.591,7152.5
5420.3037,7153.75
5448.9126,7155.0
5491.556,7156.25
5489.136,7157.5
5479.09,7158.75
5522.832,7160.0
5480.3335,7161.25
5517.127,7162.5
5570.7505,7163.75
5514.5117,7165.0
5505.0806,7166.25
5652.841,7167.5
5601.194,7168.75
5410.068,7170.0
5493.158,7171.25
5476.968,7172.5
5466.3916,7173.75
5377.3354,7175.0
5488.2314,7176.25
5608.0566,7177.5
5394.191,7178.75
5380.5425,7180.0
5571.7603,7181.25
5511.9497,7182.5
5326.6973,7183.75
5457.863,7185.0
5497.387,7186.25
5317.743,7187.5
5200.5728,7188.75
5380.2007,7190.0
5609.4424,7191.25
5461.525,7192.5
5247.509,7193.75
5291.803,7195.0
5325.5156,7196.25
5397.431,7197.5
5330.7656,7198.75
5420.6636,7200.0
5438.2153,7201.25
5259.834,7202.5
5429.091,7203.75
5613.8047,7205.0
5488.8613,7206.25
5470.443,7207.5
5471.036,7208.75
5467.72,7210.0
5385.8667,7211.25
5336.93,7212.5
5284.7856,7213.75
5298.9297,7215.0
5281.225,7216.25
5167.8804,7217.5
5216.0127,7218.75
5208.6064,7220.0
5270.74,7221.25
5283.804,7222.5
5341.594,7223.75
5334.8003,7225.0
5189.115,7226.25
5397.2383,7227.5
5279.1094,7228.75
5206.1655,7230.0
5390.662,7231.25
5325.636,7232.5
5253.451,7233.75
5161.001,7235.0
5104.759,7236.25
5241.994,7237.5
5440.179,7238.75
5511.9023,7240.0
5361.325,7241.25
5022.7695,7242.5
5173.716,7243.75
5405.532,7245.0
5572.6147,7246.25
5291.8486,7247.5
5060.68,7248.75
5308.157,7250.0
5309.559,7251.25
5349.5557,7252.5
5362.762,7253.75
5166.275,7255.0
5271.3887,7256.25
5385.182,7257.5
5346.1055,7258.75
5203.93,7260.0
5350.564,7261.25
5352.2256,7262.5
5341.0244,7263.75
5406.495,7265.0
5316.7783,7266.25
5266.4404,7267.5
5386.5137,7268.75
5553.729,7270.0
5419.289,7271.25
5421.706,7272.5
5487.2544,7273.75
5305.03,7275.0
5418.225,7276.25
5669.4214,7277.5
4975.708,7278.75
4757.816,7280.0
5177.1553,7281.25
5325.838,7282.5
5313.8115,7283.75
5485.7705,7285.0
5385.881,7286.25
5210.6704,7287.5
5290.8257,7288.75
5347.095,7290.0
5452.4404,7291.25
5246.2905,7292.5
5251.28,7293.75
5427.2896,7295.0
5451.085,7296.25
5410.784,7297.5
5397.672,7298.75
5383.865,7300.0
5420.0356,7301.25
5415.024,7302.5
5354.38,7303.75
5239.652,7305.0
5072.399,7306.25
5088.9727,7307.5
5312.506,7308.75
5273.552,7310.0
5157.31,7311.25
5187.2134,7312.5
5277.3364,7313.75
5316.3965,7315.0
5329.0864,7316.25
5461.678,7317.5
5171.5005,7318.75
5056.6025,7320.0
5263.787,7321.25
5417.2246,7322.5
5417.023,7323.75
5476.118,7325.0
5411.4727,7326.25
5491.4204,7327.5
5584.4937,7328.75
5515.732,7330.0
5435.253,7331.25
5339.9927,7332.5
5463.555,7333.75
5448.893,7335.0
5322.553,7336.25
5357.063,7337.5
5401.9873,7338.75
5538.655,7340.0
5758.5835,7341.25
5027.0273,7342.5
4466.452,7343.75
5045.216,7345.0
5358.2417,7346.25
5406.066,7347.5
5378.1133,7348.75
5392.869,7350.0
5447.311,7351.25
5445.6123,7352.5
5591.187,7353.75
5570.851,7355.0
5514.683,7356.25
5512.3877,7357.5
5534.291,7358.75
5275.0034,7360.0
5246.1357,7361.25
5280.963,7362.5
5271.549,7363.75
5315.5977,7365.0
5338.5073,7366.25
5252.1543,7367.5
5432.915,7368.75
5528.293,7370.0
4910.982,7371.25
4664.9214,7372.5
5060.027,7373.75
5211.588,7375.0
5252.7554,7376.25
5318.259,7377.5
5364.688,7378.75
5335.5483,7380.0
5412.7515,7381.25
5463.883,7382.5
5480.9507,7383.75
5461.6333,7385.0
5561.727,7386.25
5654.436,7387.5
5604.5083,7388.75
5603.232,7390.0
5651.7935,7391.25
5581.6616,7392.5
5462.814,7393.75
5451.1973,7395.0
5608.4253,7396.25
5514.604,7397.5
5576.1396,7398.75
5491.067,7400.0
5621.4614,7401.25
5696.6772,7402.5
5382.778,7403.75
5285.4536,7405.0
5489.113,7406.25
5523.9478,7407.5
5554.8213,7408.75
5562.41,7410.0
5578.4497,7411.25
5617.5254,7412.5
5652.3467,7413.75
5599.551,7415.0
5662.27,7416.25
5604.1567,7417.5
5678.4287,7418.75
5603.6396,7420.0
5593.7295,7421.25
5574.8037,7422.5
5624.7754,7423.75
5578.4834,7425.0
5515.3667,7426.25
5501.522,7427.5
5496.333,7428.75
5491.34,7430.0
5466.255,7431.25
5499.7676,7432.5
5499.1655,7433.75
5507.5635,7435.0
5497.887,7436.25
5502.2227,7437.5
5491.3125,7438.75
5437.2427,7440.0
5366.7793,7441.25
5395.9766,7442.5
5548.3306,7443.75
5553.7183,7445.0
5535.434,7446.25
5595.2036,7447.5
5637.8213,7448.75
5599.0557,7450.0
5676.8774,7451.25
5626.2812,7452.5
5641.4507,7453.75
5584.4097,7455.0
5583.793,7456.25
5607.4854,7457.5
5540.248,7458.75
5471.8413,7460.0
5482.1924,7461.25
5406.47,7462.5
5337.071,7463.75
5319.7944,7465.0
5335.3994,7466.25
5306.7437,7467.5
5253.0854,7468.75
5188.7627,7470.0
5193.1685,7471.25
5263.6465,7472.5
5184.982,7473.75
5268.6074,7475.0
5379.622,7476.25
5380.8335,7477.5
5382.746,7478.75
5445.366,7480.0
5571.9453,7481.25
5432.509,7482.5
5398.299,7483.75
5514.9546,7485.0
5461.0244,7486.25
5471.1436,7487.5
5524.274,7488.75
5599.4067,7490.0
5650.9507,7491.25
5577.0293,7492.5
5563.491,7493.75
5617.044,7495.0
5571.198,7496.25
5583.4526,7497.5
5613.4404,7498.75
5594.385,7500.0
5590.038,7501.25
5584.2817,7502.5
5560.4766,7503.75
5523.5366,7505.0
5548.006,7506.25
5531.5293,7507.5
5614.5312,7508.75
5546.6006,7510.0
5547.96,7511.25
5552.658,7512.5
5603.2544,7513.75
5589.4272,7515.0
5506.264,7516.25
5616.058,7517.5
5646.964,7518.75
5552.7725,7520.0
5583.8438,7521.25
5571.431,7522.5
5642.384,7523.75
5614.7656,7525.0
5220.298,7526.25
5364.0063,7527.5
5612.9897,7528.75
5569.561,7530.0
5577.805,7531.25
5624.1426,7532.5
5582.2974,7533.75
5552.667,7535.0
5524.627,7536.25
5558.191,7537.5
5578.6064,7538.75
5577.105,7540.0
5632.1245,7541.25
5601.353,7542.5
5632.962,7543.75
5631.5,7545.0
5580.376,7546.25
5617.0654,7547.5
5614.495,7548.75
5575.4067,7550.0
5525.784,7551.25
5544.273,7552.5
5507.4756,7553.75
5507.096,7555.0
5442.374,7556.25
5406.389,7557.5
5427.561,7558.75
5363.2393,7560.0
5356.4155,7561.25
5348.516,7562.5
5367.38,7563.75
5341.669,7565.0
5328.93,7566.25
5299.65,7567.5
5290.9233,7568.75
5381.805,7570.0
5473.2295,7571.25
5327.426,7572.5
5309.2617,7573.75
5359.3228,7575.0
5471.328,7576.25
5470.689,7577.5
5480.6636,7578.75
5463.9956,7580.0
5463.1636,7581.25
5586.9814,7582.5
5754.381,7583.75
5804.307,7585.0
5708.131,7586.25
5712.8184,7587.5
5550.034,7588.75
5564.6597,7590.0
5621.191,7591.25
5638.1807,7592.5
5809.982,7593.75
6005.5,7595.0
5873.212,7596.25
5681.751,7597.5
5643.416,7598.75
5701.4834,7600.0
5494.8057,7601.25
5453.006,7602.5
5564.0522,7603.75
5721.3076,7605.0
5615.0166,7606.25
5669.268,7607.5
5323.153,7608.75
5138.932,7610.0
5047.362,7611.25
4947.4785,7612.5
4880.571,7613.75
4944.364,7615.0
5360.5117,7616.25
4984.459,7617.5
5107.042,7618.75
5246.3623,7620.0
5378.1597,7621.25
5302.1206,7622.5
5716.0356,7623.75
5842.8965,7625.0
5459.759,7626.25
6156.5137,7627.5
5862.6455,7628.75
5247.421,7630.0
5917.3013,7631.25
5770.0796,7632.5
5328.1978,7633.75
6172.3623,7635.0
6416.5537,7636.25
5327.902,7637.5
5469.549,7638.75
6189.8936,7640.0
5784.9946,7641.25
5201.7134,7642.5
6034.4487,7643.75
6443.983,7645.0
5560.2217,7646.25
5323.2466,7647.5
5956.124,7648.75
6111.975,7650.0
5468.995,7651.25
5408.816,7652.5
5761.7876,7653.75
5906.208,7655.0
5437.8237,7656.25
5393.5337,7657.5
5679.56,7658.75
5853.446,7660.0
5403.051,7661.25
5058.28,7662.5
5413.428,7663.75
5641.437,7665.0
5445.397,7666.25
5427.111,7667.5
5573.0415,7668.75
5580.705,7670.0
5684.0073,7671.25
5553.6914,7672.5
5391.9165,7673.75
5479.569,7675.0
5653.1924,7676.25
5622.66,7677.5
5423.96,7678.75
5392.133,7680.0
5470.8726,7681.25
5488.791,7682.5
5506.933,7683.75
5409.9854,7685.0
5479.497,7686.25
5407.3354,7687.5
5431.752,7688.75
5408.5444,7690.0
5388.477,7691.25
5401.0894,7692.5
5355.103,7693.75
5482.454,7695.0
5457.0693,7696.25
5519.7134,7697.5
5393.964,7698.75
5467.1836,7700.0
5406.4795,7701.25
5474.5903,7702.5
5589.629,7703.75
5475.3135,7705.0
5482.1,7706.25
5492.7363,7707.5
5509.279,7708.75
5437.5596,7710.0
5491.073,7711.25
5497.5283,7712.5
4922.642,7713.75
5331.5327,7715.0
5511.573,7716.25
5418.9053,7717.5
5259.0244,7718.75
5152.922,7720.0
5324.111,7721.25
5387.8633,7722.5
5282.928,7723.75
5201.808,7725.0
5379.7095,7726.25
5307.0786,7727.5
5355.4214,7728.75
5408.3765,7730.0
5433.965,7731.25
5408.2207,7732.5
5373.4893,7733.75
5433.8066,7735.0
5386.148,7736.25
5468.0737,7737.5
5430.109,7738.75
5475.737,7740.0
5481.179,7741.25
5375.347,7742.5
5429.1973,7743.75
5441.1587,7745.0
5285.4805,7746.25
5323.212,7747.5
5297.393,7748.75
5315.19,7750.0
5152.798,7751.25
4986.8633,7752.5
4972.9834,7753.75
5448.5894,7755.0
5323.4487,7756.25
5174.25,7757.5
5171.205,7758.75
5276.5005,7760.0
5172.396,7761.25
5204.244,7762.5
5442.3804,7763.75
5279.4263,7765.0
5379.0615,7766.25
5364.2905,7767.5
5297.2173,7768.75
5273.0376,7770.0
5290.3394,7771.25
5307.827,7772.5
5251.1636,7773.75
5187.1934,7775.0
5232.276,7776.25
5410.3374,7777.5
5334.672,7778.75
5295.0146,7780.0
5308.4097,7781.25
5381.8574,7782.5
5395.828,7783.75
5449.013,7785.0
5414.2144,7786.25
5474.5195,7787.5
5439.4146,7788.75
5493.0264,7790.0
5531.918,7791.25
5453.53,7792.5
5462.0923,7793.75
5576.7188,7795.0
5644.8906,7796.25
5350.4346,7797.5
5502.6694,7798.75
5508.931,7800.0
5483.218,7801.25
5435.928,7802.5
5515.975,7803.75
5565.404,7805.0
5533.7812,7806.25
5513.7783,7807.5
5524.504,7808.75
5453.244,7810.0
5605.5674,7811.25
5635.2954,7812.5
5500.7837,7813.75
5499.6655,7815.0
5498.1196,7816.25
5509.355,7817.5
5472.926,7818.75
5432.539,7820.0
5393.1035,7821.25
5627.34,7822.5
5561.0923,7823.75
5414.7925,7825.0
5641.218,7826.25
5413.29,7827.5
5380.447,7828.75
5333.1235,7830.0
5454.3086,7831.25
5517.5137,7832.5
5488.957,7833.75
5442.3315,7835.0
5584.711,7836.25
5505.0,7837.5
5563.627,7838.75
5508.95,7840.0
5559.3896,7841.25
5548.8804,7842.5
5680.409,7843.75
5584.7437,7845.0
5594.147,7846.25
5510.2085,7847.5
5394.616,7848.75
5368.107,7850.0
5408.907,7851.25
5352.8516,7852.5
4964.744,7853.75
5078.921,7855.0
5196.5234,7856.25
5201.6147,7857.5
5330.613,7858.75
5428.434,7860.0
5184.535,7861.25
5154.3545,7862.5
5336.5845,7863.75
5419.702,7865.0
5289.988,7866.25
5303.893,7867.5
5284.901,7868.75
5480.745,7870.0
5152.005,7871.25
5232.3564,7872.5
5455.7275,7873.75
5380.0713,7875.0
5365.33,7876.25
5205.725,7877.5
5212.82,7878.75
5194.349,7880.0
5269.282,7881.25
5194.0474,7882.5
5336.8623,7883.75
5317.169,7885.0
5371.678,7886.25
5284.599,7887.5
5283.83,7888.75
5293.773,7890.0
5219.499,7891.25
5401.949,7892.5
5432.1313,7893.75
5451.608,7895.0
5379.338,7896.25
5336.52,7897.5
5329.9854,7898.75
5391.5835,7900.0
5402.223,7901.25
5328.698,7902.5
5253.615,7903.75
5284.7607,7905.0
5330.5957,7906.25
5359.174,7907.5
5257.3604,7908.75
5077.6816,7910.0
5107.6855,7911.25
5220.93,7912.5
5320.6406,7913.75
5199.368,7915.0
4974.9307,7916.25
5500.901,7917.5
5350.907,7918.75
5277.3867,7920.0
5188.7607,7921.25
5064.503,7922.5
5085.7275,7923.75
5213.54,7925.0
5240.9956,7926.25
5127.325,7927.5
5089.641,7928.75
5099.351,7930.0
5163.571,7931.25
5170.7373,7932.5
5167.4585,7933.75
5515.549,7935.0
5409.6187,7936.25
5434.1245,7937.5
5317.871,7938.75
5412.046,7940.0
5467.944,7941.25
5416.6655,7942.5
5295.593,7943.75
5293.1587,7945.0
5380.492,7946.25
5247.46,7947.5
5225.1416,7948.75
5099.8857,7950.0
5036.7266,7951.25
5189.87,7952.5
5126.4634,7953.75
5116.317,7955.0
5029.3,7956.25
4964.425,7957.5
4950.6284,7958.75
4902.923,7960.0
4892.3467,7961.25
4880.9966,7962.5
4844.4746,7963.75
4730.914,7965.0
4854.8335,7966.25
4855.102,7967.5
5168.4854,7968.75
4953.4463,7970.0
4962.7036,7971.25
5049.92,7972.5
5049.4673,7973.75
5101.3394,7975.0
5171.77,7976.25
5191.63,7977.5
5219.2593,7978.75
5276.938,7980.0
5276.1377,7981.25
5305.1934,7982.5
5379.1274,7983.75
5286.7134,7985.0
5186.2783,7986.25
5120.5093,7987.5
5138.743,7988.75
5073.6377,7990.0
5198.5,7991.25
5174.7114,7992.5
4951.2695,7993.75
5092.8643,7995.0
4975.3354,7996.25
5121.3306,7997.5
5085.9297,7998.75
5036.767,8000.0
5090.472,8001.25
5118.454,8002.5
5235.343,8003.75
5166.9424,8005.0
5160.735,8006.25
5233.7466,8007.5
5262.3745,8008.75
5182.7124,8010.0
5221.1523,8011.25
5305.0215,8012.5
5371.0054,8013.75
5219.6885,8015.0
5092.9375,8016.25
5242.094,8017.5
5345.787,8018.75
5222.5884,8020.0
5120.057,8021.25
5061.724,8022.5
5062.4077,8023.75
5086.717,8025.0
4978.3804,8026.25
5053.625,8027.5
4723.3325,8028.75
4910.1343,8030.0
5077.6064,8031.25
5072.651,8032.5
4980.99,8033.75
5041.875,8035.0
5104.437,8036.25
5060.039,8037.5
5127.5693,8038.75
5158.0933,8040.0
5192.6143,8041.25
5184.5806,8042.5
5113.753,8043.75
5059.814,8045.0
5000.5024,8046.25
5016.0625,8047.5
4958.4917,8048.75
5038.593,8050.0
4998.912,8051.25
5129.008,8052.5
5110.4253,8053.75
4977.532,8055.0
5178.3022,8056.25
5128.95,8057.5
5074.1807,8058.75
4962.5913,8060.0
4955.165,8061.25
4995.686,8062.5
4677.355,8063.75
4798.3457,8065.0
5123.246,8066.25
5035.114,8067.5
5036.398,8068.75
4982.724,8070.0
4974.9604,8071.25
5043.747,8072.5
5004.356,8073.75
5097.9814,8075.0
4992.223,8076.25
4955.599,8077.5
4958.857,8078.75
5030.5493,8080.0
4987.719,8081.25
4930.4365,8082.5
5003.101,8083.75
5066.4185,8085.0
5089.2593,8086.25
5009.231,8087.5
5180.159,8088.75
5116.8745,8090.0
5192.069,8091.25
5199.427,8092.5
5095.3037,8093.75
5053.793,8095.0
5078.518,8096.25
5133.122,8097.5
5129.382,8098.75
5175.9766,8100.0
5169.7983,8101.25
5217.738,8102.5
5179.882,8103.75
5145.188,8105.0
5208.3086,8106.25
5155.116,8107.5
5204.655,8108.75
5127.9087,8110.0
5102.397,8111.25
5124.4688,8112.5
5091.74,8113.75
4998.292,8115.0
5041.164,8116.25
5098.5254,8117.5
5173.367,8118.75
5186.0156,8120.0
5096.905,8121.25
5174.669,8122.5
5139.7036,8123.75
5174.8203,8125.0
5202.0503,8126.25
5188.474,8127.5
5206.2905,8128.75
5300.361,8130.0
5335.2124,8131.25
5471.1035,8132.5
5483.6816,8133.75
5452.6504,8135.0
5223.319,8136.25
5340.555,8137.5
5313.7065,8138.75
5441.8037,8140.0
5443.0425,8141.25
5351.796,8142.5
5284.831,8143.75
5209.1055,8145.0
5220.758,8146.25
5222.9194,8147.5
5291.0073,8148.75
5144.0034,8150.0
5025.7793,8151.25
5104.3184,8152.5
5199.368,8153.75
5101.6,8155.0
4959.708,8156.25
5040.069,8157.5
5122.6646,8158.75
5072.9434,8160.0
5059.0405,8161.25
5242.2026,8162.5
4950.073,8163.75
4983.408,8165.0
5048.6235,8166.25
5119.9824,8167.5
5360.3154,8168.75
5404.0654,8170.0
5037.819,8171.25
5054.78,8172.5
5356.194,8173.75
5347.1084,8175.0
5357.0435,8176.25
5363.106,8177.5
5136.209,8178.75
4941.2207,8180.0
5109.6753,8181.25
5198.912,8182.5
5086.6104,8183.75
5093.359,8185.0
5242.1875,8186.25
5147.431,8187.5
5179.3003,8188.75
5261.6587,8190.0
5070.561,8191.25
5091.235,8192.5
5254.4614,8193.75
5065.423,8195.0
5108.791,8196.25
5300.9634,8197.5
5321.7676,8198.75
5158.455,8200.0
5238.3247,8201.25
5180.111,8202.5
5204.222,8203.75
5274.7046,8205.0
5250.4175,8206.25
5234.553,8207.5
5232.4155,8208.75
5200.045,8210.0
5172.9243,8211.25
5083.338,8212.5
5164.5796,8213.75
5139.7144,8215.0
5142.4155,8216.25
5194.4316,8217.5
5221.8174,8218.75
5138.5034,8220.0
5176.1006,8221.25
5275.652,8222.5
5268.4585,8223.75
5305.7715,8225.0
5257.0474,8226.25
5390.403,8227.5
5368.0713,8228.75
4919.301,8230.0
4944.691,8231.25
5317.333,8232.5
5140.5454,8233.75
5377.3755,8235.0
5284.0317,8236.25
5298.442,8237.5
5379.08,8238.75
5281.0815,8240.0
5332.757,8241.25
5352.7856,8242.5
5322.7134,8243.75
5194.8906,8245.0
5257.538,8246.25
5387.227,8247.5
5457.1904,8248.75
5372.6787,8250.0
5325.771,8251.25
5314.443,8252.5
5254.011,8253.75
5306.669,8255.0
5325.1284,8256.25
5378.148,8257.5
5308.35,8258.75
5185.492,8260.0
5186.742,8261.25
5165.5034,8262.5
5260.5786,8263.75
5192.2026,8265.0
5237.2466,8266.25
5296.7466,8267.5
5342.4634,8268.75
5324.9185,8270.0
5291.7896,8271.25
5302.9624,8272.5
5277.9478,8273.75
5316.007,8275.0
5113.864,8276.25
5090.945,8277.5
5098.0054,8278.75
5080.7266,8280.0
5110.253,8281.25
5090.889,8282.5
5017.0825,8283.75
4989.891,8285.0
5210.5957,8286.25
5363.8643,8287.5
5366.4097,8288.75
5229.6553,8290.0
5219.5815,8291.25
4783.9346,8292.5
5210.84,8293.75
5116.668,8295.0
5003.748,8296.25
4930.7563,8297.5
5067.678,8298.75
5045.4346,8300.0
4940.735,8301.25
5068.2803,8302.5
5037.9204,8303.75
5237.7837,8305.0
5048.715,8306.25
4944.1484,8307.5
5119.697,8308.75
5267.959,8310.0
5335.462,8311.25
5207.5684,8312.5
5075.249,8313.75
5046.7812,8315.0
5210.9634,8316.25
5218.9033,8317.5
5239.8667,8318.75
5174.2583,8320.0
5274.171,8321.25
5365.8135,8322.5
5135.089,8323.75
5131.1646,8325.0
5275.3096,8326.25
5268.593,8327.5
5313.0854,8328.75
5208.0537,8330.0
5132.9233,8331.25
5133.5815,8332.5
5075.298,8333.75
5073.1436,8335.0
5099.133,8336.25
5191.768,8337.5
5252.034,8338.75
5148.2207,8340.0
4934.989,8341.25
5113.4087,8342.5
5174.393,8343.75
5226.172,8345.0
5260.4766,8346.25
5449.0083,8347.5
5322.551,8348.75
4991.051,8350.0
4933.4365,8351.25
4884.0938,8352.5
5406.5493,8353.75
5532.338,8355.0
4862.8853,8356.25
5163.2534,8357.5
5199.7437,8358.75
5213.281,8360.0
5262.1836,8361.25
5320.217,8362.5
5253.7563,8363.75
5324.757,8365.0
5352.9175,8366.25
5397.98,8367.5
5185.893,8368.75
5244.8945,8370.0
5303.3164,8371.25
5311.183,8372.5
5310.0117,8373.75
5303.5806,8375.0
5241.9976,8376.25
5130.9707,8377.5
5144.006,8378.75
5195.6104,8380.0
5256.484,8381.25
5169.4536,8382.5
5360.5605,8383.75
5087.562,8385.0
4812.7236,8386.25
4943.033,8387.5
4869.6147,8388.75
4925.8066,8390.0
4866.716,8391.25
4972.7627,8392.5
4995.5874,8393.75
4945.175,8395.0
4955.2607,8396.25
5024.3184,8397.5
5165.208,8398.75
5190.669,8400.0
5269.9116,8401.25
5358.578,8402.5
5175.6694,8403.75
5211.925,8405.0
5148.417,8406.25
5150.0464,8407.5
5346.9297,8408.75
5374.096,8410.0
5243.8105,8411.25
5212.5747,8412.5
5275.769,8413.75
5323.288,8415.0
5423.4243,8416.25
5619.1187,8417.5
5000.871,8418.75
5140.0337,8420.0
5115.418,8421.25
5231.569,8422.5
5286.3296,8423.75
5265.744,8425.0
5151.691,8426.25
5177.067,8427.5
5168.645,8428.75
5513.5566,8430.0
5278.586,8431.25
5268.982,8432.5
5321.8594,8433.75
4788.7363,8435.0
5118.914,8436.25
4998.9766,8437.5
5140.771,8438.75
5326.211,8440.0
5338.3525,8441.25
5275.5923,8442.5
5336.4106,8443.75
5414.8657,8445.0
5279.884,8446.25
5311.447,8447.5
5282.2397,8448.75
5480.967,8450.0
6091.4023,8451.25
6728.928,8452.5
6585.695,8453.75
5924.9336,8455.0
6028.3633,8456.25
6080.399,8457.5
6054.457,8458.75
5992.483,8460.0
6005.722,8461.25
6060.3516,8462.5
5836.9995,8463.75
5365.3604,8465.0
5827.8267,8466.25
5220.161,8467.5
5388.648,8468.75
10819.719,8470.0
16079.536,8471.25
16227.977,8472.5
13344.959,8473.75
11622.394,8475.0
10972.995,8476.25
10965.733,8477.5
11322.794,8478.75
12386.809,8480.0
13754.458,8481.25
12738.247,8482.5
8937.7,8483.75
5894.4175,8485.0
5078.694,8486.25
5046.5063,8487.5
5036.044,8488.75
5034.6587,8490.0
5057.9033,8491.25
5105.376,8492.5
5231.1553,8493.75
5698.1206,8495.0
6767.8784,8496.25
8736.837,8497.5
9762.351,8498.75
9056.577,8500.0
8340.702,8501.25
7919.569,8502.5
7892.944,8503.75
7893.91,8505.0
8468.833,8506.25
8343.466,8507.5
7970.9585,8508.75
7186.3687,8510.0
5818.0474,8511.25
5216.814,8512.5
5117.5435,8513.75
5092.286,8515.0
5142.147,8516.25
5147.286,8517.5
5118.7827,8518.75
5174.3896,8520.0
5235.994,8521.25
5218.448,8522.5
5249.269,8523.75
5208.546,8525.0
5194.3325,8526.25
5288.4536,8527.5
5265.7773,8528.75
5217.7007,8530.0
5169.661,8531.25
5152.458,8532.5
5115.6763,8533.75
5102.6216,8535.0
5079.0635,8536.25
5159.275,8537.5
5247.1455,8538.75
5233.6694,8540.0
5212.916,8541.25
5127.6133,8542.5
5155.421,8543.75
5304.354,8545.0
5308.444,8546.25
5341.3154,8547.5
5339.182,8548.75
5314.724,8550.0
5145.8916,8551.25
5132.2817,8552.5
5202.144,8553.75
5228.575,8555.0
5148.772,8556.25
5277.4556,8557.5
5182.7896,8558.75
5190.8447,8560.0
5130.5283,8561.25
5148.7617,8562.5
5170.1177,8563.75
5189.3687,8565.0
5154.232,8566.25
5203.6724,8567.5
5154.993,8568.75
5114.727,8570.0
5166.606,8571.25
5097.2188,8572.5
5126.103,8573.75
5175.7896,8575.0
5209.7285,8576.25
5173.5957,8577.5
5257.7456,8578.75
5204.5435,8580.0
5138.3154,8581.25
5219.4404,8582.5
5159.355,8583.75
5179.5386,8585.0
5161.344,8586.25
5134.543,8587.5
5280.126,8588.75
5157.2646,8590.0
5134.1367,8591.25
5156.8413,8592.5
5284.67,8593.75
5247.418,8595.0
5235.249,8596.25
5271.9805,8597.5
5103.1226,8598.75
4987.2983,8600.0
5034.4756,8601.25
5151.6387,8602.5
5138.08,8603.75
5089.401,8605.0
5105.856,8606.25
5098.9272,8607.5
5121.94,8608.75
5075.3374,8610.0
5037.859,8611.25
5073.5176,8612.5
5154.8643,8613.75
5193.965,8615.0
5046.047,8616.25
5127.3384,8617.5
5181.817,8618.75
5194.1763,8620.0
5232.893,8621.25
5098.223,8622.5
5079.063,8623.75
5188.7686,8625.0
5136.407,8626.25
5014.1943,8627.5
4954.3784,8628.75
5186.7285,8630.0
4933.5396,8631.25
4933.164,8632.5
5089.2964,8633.75
5043.964,8635.0
4944.7446,8636.25
5128.771,8637.5
5088.685,8638.75
5007.5723,8640.0
5057.4233,8641.25
5258.1367,8642.5
5058.0757,8643.75
4972.831,8645.0
4990.464,8646.25
5093.444,8647.5
5058.9546,8648.75
5076.4263,8650.0
5234.6387,8651.25
5045.0234,8652.5
4770.555,8653.75
4837.464,8655.0
5112.318,8656.25
4935.4087,8657.5
5036.941,8658.75
5012.1357,8660.0
5320.897,8661.25
5017.4736,8662.5
4909.5557,8663.75
5069.1636,8665.0
5282.8364,8666.25
5415.1274,8667.5
6216.571,8668.75
7032.658,8670.0
6834.6753,8671.25
6168.0244,8672.5
6151.7524,8673.75
6185.161,8675.0
6220.505,8676.25
6077.093,8677.5
5984.2793,8678.75
6303.8496,8680.0
6258.39,8681.25
5613.167,8682.5
5123.328,8683.75
5086.2676,8685.0
5512.098,8686.25
5991.155,8687.5
6347.662,8688.75
6264.628,8690.0
6060.051,8691.25
5877.436,8692.5
5871.794,8693.75
5866.5635,8695.0
5930.583,8696.25
6062.7856,8697.5
6132.8833,8698.75
5828.251,8700.0
5403.49,8701.25
5158.881,8702.5
5069.7515,8703.75
5053.846,8705.0
5095.222,8706.25
5062.0938,8707.5
5076.359,8708.75
5003.1875,8710.0
4952.954,8711.25
5087.4897,8712.5
5010.459,8713.75
5014.585,8715.0
4994.617,8716.25
4968.572,8717.5
5071.958,8718.75
5023.1694,8720.0
5043.2485,8721.25
5035.375,8722.5
5077.3657,8723.75
5106.433,8725.0
5093.709,8726.25
5068.5156,8727.5
5094.1113,8728.75
5089.4604,8730.0
5147.325,8731.25
5163.0264,8732.5
5092.897,8733.75
5131.766,8735.0
5160.3823,8736.25
5106.712,8737.5
5195.837,8738.75
5111.853,8740.0
5027.7773,8741.25
5023.802,8742.5
5013.777,8743.75
5014.7427,8745.0
5098.543,8746.25
5111.96,8747.5
5099.4355,8748.75
5196.5093,8750.0
5195.053,8751.25
5158.119,8752.5
5186.989,8753.75
5134.0938,8755.0
5033.773,8756.25
4963.116,8757.5
4923.479,8758.75
5032.3135,8760.0
5077.212,8761.25
4926.1113,8762.5
5191.872,8763.75
4781.1323,8765.0
5043.5635,8766.25
4866.2188,8767.5
5006.118,8768.75
5007.5547,8770.0
5080.4346,8771.25
5060.235,8772.5
4951.154,8773.75
4784.159,8775.0
4956.678,8776.25
4904.0337,8777.5
5140.243,8778.75
5039.3853,8780.0
5279.513,8781.25
4854.7085,8782.5
5054.637,8783.75
4952.5796,8785.0
5078.705,8786.25
5002.8506,8787.5
5072.7827,8788.75
5053.7812,8790.0
5119.6646,8791.25
4982.3853,8792.5
5195.892,8793.75
5160.0645,8795.0
5060.7134,8796.25
4979.7705,8797.5
5094.7593,8798.75
5081.086,8800.0
5081.2144,8801.25
5080.813,8802.5
5063.1035,8803.75
5100.7974,8805.0
5086.506,8806.25
5091.3413,8807.5
5179.737,8808.75
5197.2217,8810.0
5108.5093,8811.25
5098.331,8812.5
5077.918,8813.75
5113.5063,8815.0
5127.7197,8816.25
5117.4365,8817.5
5129.595,8818.75
5155.521,8820.0
5111.4985,8821.25
4995.203,8822.5
4874.5884,8823.75
4953.291,8825.0
4782.1885,8826.25
4544.4893,8827.5
5103.529,8828.75
5065.493,8830.0
5047.8022,8831.25
4647.6196,8832.5
4523.1387,8833.75
4763.634,8835.0
4891.468,8836.25
4724.5376,8837.5
5108.7236,8838.75
4990.3237,8840.0
4853.16,8841.25
4961.981,8842.5
4998.7354,8843.75
5049.1787,8845.0
5014.147,8846.25
5081.4146,8847.5
5111.9272,8848.75
5097.751,8850.0
5089.1655,8851.25
5091.969,8852.5
5049.253,8853.75
5069.887,8855.0
5003.179,8856.25
4984.0205,8857.5
4948.143,8858.75
4896.787,8860.0
4977.104,8861.25
4978.5664,8862.5
5001.959,8863.75
4944.4326,8865.0
5117.777,8866.25
5101.723,8867.5
4871.831,8868.75
4992.101,8870.0
5036.1343,8871.25
4979.3574,8872.5
5036.618,8873.75
5081.3423,8875.0
5131.309,8876.25
5149.4536,8877.5
5196.1997,8878.75
5177.906,8880.0
4911.456,8881.25
4886.287,8882.5
4888.828,8883.75
4951.0815,8885.0
5120.0884,8886.25
5145.5015,8887.5
4907.489,8888.75
5250.2217,8890.0
4832.1514,8891.25
5014.01,8892.5
5148.2427,8893.75
5168.8286,8895.0
5248.2837,8896.25
5239.3335,8897.5
5158.661,8898.75
5151.005,8900.0
5133.41,8901.25
5161.074,8902.5
5219.9106,8903.75
5114.258,8905.0
5092.3975,8906.25
5480.885,8907.5
5206.471,8908.75
5193.8984,8910.0
5233.462,8911.25
5262.317,8912.5
5233.337,8913.75
5099.195,8915.0
4997.691,8916.25
4974.389,8917.5
5048.38,8918.75
4956.987,8920.0
5054.99,8921.25
5027.528,8922.5
4882.7637,8923.75
4874.386,8925.0
5030.575,8926.25
5122.402,8927.5
4911.113,8928.75
5077.35,8930.0
5200.004,8931.25
5017.596,8932.5
5091.69,8933.75
5226.1646,8935.0
5185.0015,8936.25
5159.113,8937.5
5123.978,8938.75
5216.8804,8940.0
5093.639,8941.25
4964.322,8942.5
5283.901,8943.75
4534.411,8945.0
4998.068,8946.25
5335.9067,8947.5
5005.781,8948.75
4868.623,8950.0
5035.0713,8951.25
5006.771,8952.5
4869.147,8953.75
4936.2783,8955.0
4988.6772,8956.25
4792.0454,8957.5
5537.2646,8958.75
5073.825,8960.0
4978.9873,8961.25
5202.1655,8962.5
5024.8394,8963.75
4773.1,8965.0
4964.3574,8966.25
5036.201,8967.5
5054.526,8968.75
5097.435,8970.0
5243.625,8971.25
5175.603,8972.5
5064.5415,8973.75
4991.1978,8975.0
4989.3223,8976.25
4948.639,8977.5
5095.63,8978.75
5212.027,8980.0
5379.328,8981.25
5118.6724,8982.5
4906.8306,8983.75
5123.89,8985.0
5206.8423,8986.25
5275.995,8987.5
5197.901,8988.75
4977.579,8990.0
4898.935,8991.25
5323.0337,8992.5
4742.8267,8993.75
4964.261,8995.0
5285.505,8996.25
5236.6626,8997.5
5140.401,8998.75
5276.463,9000.0
5521.861,9001.25
4660.045,9002.5
5142.025,9003.75
5024.687,9005.0
4988.5645,9006.25
5090.474,9007.5
5088.7964,9008.75
4917.242,9010.0
5021.847,9011.25
5301.584,9012.5
5107.006,9013.75
5025.949,9015.0
5341.1904,9016.25
5344.887,9017.5
5094.0107,9018.75
4947.2324,9020.0
5280.3994,9021.25
5377.422,9022.5
5355.916,9023.75
5197.1655,9025.0
5328.811,9026.25
5217.796,9027.5
5132.485,9028.75
5399.79,9030.0
5348.8867,9031.25
5272.7114,9032.5
5052.0576,9033.75
5085.387,9035.0
5249.3003,9036.25
5320.6367,9037.5
5467.325,9038.75
5176.353,9040.0
5145.2637,9041.25
5237.9175,9042.5
5132.5713,9043.75
4869.167,9045.0
4989.6455,9046.25
5204.682,9047.5
5214.2144,9048.75
5149.3105,9050.0
4967.4717,9051.25
5029.2925,9052.5
5242.0205,9053.75
5057.528,9055.0
4952.5723,9056.25
5254.0254,9057.5
5246.944,9058.75
5310.174,9060.0
5401.7344,9061.25
5244.755,9062.5
5060.699,9063.75
4992.1553,9065.0
4954.3345,9066.25
5114.5645,9067.5
5291.4707,9068.75
5235.426,9070.0
4915.7314,9071.25
4945.4497,9072.5
5000.8096,9073.75
4808.7124,9075.0
4876.7334,9076.25
5047.4,9077.5
5300.8696,9078.75
5352.5737,9080.0
5083.2715,9081.25
4563.95,9082.5
4751.9834,9083.75
5170.5645,9085.0
5469.7676,9086.25
5397.656,9087.5
4922.8047,9088.75
4719.402,9090.0
5157.6963,9091.25
5298.3516,9092.5
5308.414,9093.75
5122.7036,9095.0
5003.9844,9096.25
5205.3535,9097.5
5377.791,9098.75
5504.162,9100.0
5072.448,9101.25
4757.5757,9102.5
5080.9106,9103.75
5266.5513,9105.0
5337.7725,9106.25
5147.1826,9107.5
4764.159,9108.75
4675.953,9110.0
4929.516,9111.25
5209.5566,9112.5
5242.6914,9113.75
5161.807,9115.0
5211.4634,9116.25
5250.652,9117.5
5074.3447,9118.75
4840.4707,9120.0
4484.692,9121.25
4801.4937,9122.5
5155.225,9123.75
5231.91,9125.0
5110.5977,9126.25
5066.7837,9127.5
5163.307,9128.75
4953.4243,9130.0
4800.2793,9131.25
4591.846,9132.5
4557.498,9133.75
4894.253,9135.0
4981.4893,9136.25
4757.5254,9137.5
4328.8022,9138.75
4613.3457,9140.0
5249.992,9141.25
5363.1187,9142.5
5288.596,9143.75
5216.536,9145.0
5194.6245,9146.25
5119.0903,9147.5
5202.6753,9148.75
5220.013,9150.0
5088.027,9151.25
4893.7354,9152.5
4627.0146,9153.75
4371.86,9155.0
4418.312,9156.25
4552.4453,9157.5
4325.347,9158.75
4813.679,9160.0
4866.8745,9161.25
4731.354,9162.5
4626.59,9163.75
4829.9224,9165.0
5062.9263,9166.25
5092.15,9167.5
5217.6147,9168.75
4990.221,9170.0
4931.872,9171.25
4993.5996,9172.5
5022.9873,9173.75
4862.9414,9175.0
4580.3955,9176.25
4376.4414,9177.5
4449.2183,9178.75
4765.051,9180.0
5008.9136,9181.25
4971.97,9182.5
5068.296,9183.75
5058.5303,9185.0
4701.2,9186.25
4590.6963,9187.5
4834.725,9188.75
5099.6694,9190.0
5112.217,9191.25
5066.006,9192.5
4902.3335,9193.75
4912.7856,9195.0
5159.6685,9196.25
4865.236,9197.5
4665.8574,9198.75
5053.4165,9200.0
4873.678,9201.25
4985.6206,9202.5
5005.0996,9203.75
5114.233,9205.0
5092.6475,9206.25
4957.669,9207.5
4827.815,9208.75
4932.7476,9210.0
4896.5674,9211.25
4934.8906,9212.5
4947.994,9213.75
4893.024,9215.0
4829.905,9216.25
4718.4736,9217.5
4725.8384,9218.75
4734.9785,9220.0
4931.296,9221.25
5148.766,9222.5
4969.518,9223.75
4994.259,9225.0
4935.1685,9226.25
4578.6045,9227.5
4779.3726,9228.75
4855.5815,9230.0
4883.031,9231.25
4963.1235,9232.5
4923.944,9233.75
4909.56,9235.0
4893.016,9236.25
4824.4336,9237.5
4787.123,9238.75
4876.2856,9240.0
4713.8955,9241.25
4766.6885,9242.5
5038.4814,9243.75
4862.8887,9245.0
4801.844,9246.25
4621.8633,9247.5
4702.344,9248.75
4790.3657,9250.0
4858.533,9251.25
4649.249,9252.5
4786.3057,9253.75
4802.931,9255.0
4855.467,9256.25
4744.458,9257.5
4887.737,9258.75
4940.464,9260.0
4845.4346,9261.25
4720.4897,9262.5
4587.558,9263.75
4745.945,9265.0
4863.147,9266.25
4956.603,9267.5
4897.208,9268.75
4999.0317,9270.0
4766.7314,9271.25
4718.7544,9272.5
4834.9233,9273.75
4658.952,9275.0
4556.4517,9276.25
4690.426,9277.5
4706.272,9278.75
4712.3164,9280.0
4558.044,9281.25
4589.9736,9282.5
4605.5645,9283.75
4750.858,9285.0
4652.658,9286.25
4596.556,9287.5
4522.426,9288.75
4631.414,9290.0
4667.4644,9291.25
4769.6777,9292.5
4667.347,9293.75
4688.373,9295.0
4657.4663,9296.25
4432.5293,9297.5
4647.454,9298.75
4566.257,9300.0
4583.3164,9301.25
4606.376,9302.5
4458.0366,9303.75
4461.0386,9305.0
4760.837,9306.25
4848.2583,9307.5
4693.7007,9308.75
4785.622,9310.0
4770.5854,9311.25
4744.8047,9312.5
5018.587,9313.75
4740.9653,9315.0
4759.589,9316.25
4788.327,9317.5
4830.893,9318.75
4955.0283,9320.0
4355.844,9321.25
4218.3438,9322.5
4649.1777,9323.75
4896.3804,9325.0
4782.956,9326.25
4814.8564,9327.5
4447.7993,9328.75
4715.803,9330.0
4934.6323,9331.25
4911.738,9332.5
4527.197,9333.75
4675.73,9335.0
4149.16,9336.25
4174.1274,9337.5
4449.573,9338.75
4885.801,9340.0
4918.9478,9341.25
4039.1702,9342.5
4900.0386,9343.75
5147.3843,9345.0
4907.3887,9346.25
4240.4214,9347.5
4486.7026,9348.75
4655.9355,9350.0
4542.041,9351.25
