CATID,VSIGMA_RE,VSIGMA_RE_ERR
9008500296,0.56726927,0.015591553
9011900161,0.2518459,0.03254018
9011900183,0.23804007,0.007821446
9011900233,0.42208055,0.0046612117
9011900383,0.54573375,0.006657221
9011900752,0.2903435,0.05061119
9388000139,0.7226612,0.013421011
9016800163,0.59632665,0.0761017
9016800416,0.34498996,0.0046369312
9044200004,0.18313381,0.0035275167
9044200155,0.45622295,0.00693148
9044200158,0.0608269,0.002918679
9008500586,0.42838305,0.026390282
9091700242,0.28553802,0.0231385
9239900208,0.8076882,0.051767323
9239900208,0.8076882,0.051767323
9239900354,0.5064179,0.014401696
9239900390,0.40985113,0.004976565
9239900659,0.79795384,0.03836588
9388000044,0.16908574,0.015703455
9388000044,0.16908574,0.015703455
9388000068,0.12221912,0.0029083393
9388000068,0.12221912,0.0029083393
9388000921,0.3439744,0.0060202456
9403800001,0.15627497,0.0024126486
9403800032,0.06672183,0.00775847
9403800184,0.25320494,0.0021280155
9403800215,0.3470734,0.004254617
9008500059,0.086701356,0.007568268
9008500158,0.59366554,0.021054076
9008500225,0.17474267,0.004198672
9008500376,1.3111416,0.01453418
9011900264,0.42801794,0.051635027
9011900279,0.49150732,0.006043011
9011900340,0.37391734,0.006875205
9011900807,0.43610922,0.010651008
9239900009,0.61540323,0.008750763
9239900248,0.1269671,0.012006529
9239900403,0.27120158,0.007120224
9239901025,0.76311755,0.05404812
9239901098,0.87926096,0.05546474
9388000120,0.291818,0.006961294
9388000807,0.1898061,0.009261647
9008500117,0.37808928,0.037677627
9008500318,0.6695831,0.024631739
9008500365,0.32282484,0.0071718013
9008500673,0.4540266,0.009544998
9011900030,0.65836257,0.004063925
9011900057,0.4120348,0.002989292
9011900325,0.1526572,0.012711607
9011900438,0.11266699,0.013051632
9011900440,0.41680005,0.0045998977
9011900519,0.63760823,0.011969078
9016800160,0.23252428,0.0056368853
9016800219,0.55368674,0.062541515
9044200188,0.4497335,0.04022279
9044200217,0.28601304,0.0077883685
9239900063,0.5537701,0.026483404
9239900100,0.24903657,0.006497787
9239900256,0.42231452,0.005414244
9388000785,0.44157562,0.021215523
9403800473,0.24173789,0.010191464
9403800690,0.97635514,0.015784431
9403801088,0.81893206,0.013522929
9008500516,0.5484933,0.010794938
9008500643,0.537589,0.01863298
9008500938,0.31653652,0.022766806
9011900068,0.20254616,0.04265722
9011900100,0.32712552,0.007487296
9011900392,0.28132862,0.06931005
9016800061,0.4216017,0.0038168903
9016800185,1.1271396,0.02104904
9016800393,0.9096886,0.015711589
9016800559,0.47356132,0.007548569
9091700231,0.64268905,0.017302135
9239900337,0.8417277,0.043668
9239900362,0.09817496,0.0072124354
9388000007,0.03123163,0.0055643395
9388000035,0.1052287,0.0143025955
9388000400,0.63475376,0.04191097
9388001017,0.8986185,0.007789193
9403800272,0.25863314,0.015574093
9403800581,0.5554609,0.040748246
9403801010,0.4346983,0.0034466167
9008500083,0.37425673,0.01245316
9008500333,0.23559386,0.0069773956
9008500690,0.7532817,0.020587914
9011900084,0.77258086,0.00795578
9011900150,0.30512297,0.010987559
9011900175,0.052673817,0.005501455
9011900210,0.41970512,0.039575525
9011900776,0.47038254,0.01017397
9016800039,0.32404336,0.004517934
9016800095,0.9137188,0.036317248
9016800259,0.25688645,0.021460071
9016800259,0.25688645,0.021460071
9016800304,0.27977803,0.014000967
9016800412,0.40796053,0.007603912
9044200249,0.7979971,0.027686872
9044200383,0.24401754,0.011739701
9239900277,0.20139834,0.008394257
9239900398,0.22346433,0.017479144
9388000058,0.49272096,0.004673095
9388000058,0.49272096,0.004673095
9403800064,0.32084626,0.0070326165
9403800168,0.3052257,0.0035477297
9008500001,0.17210415,0.0043069213
9008500099,0.33781528,0.038406473
9008500128,0.43311122,0.016825601
9008500204,0.41904625,0.028149078
9008501077,0.32777348,0.020339377
9011900128,0.6604293,0.06196081
9011900321,0.52232283,0.007829724
9011900321,0.52232283,0.007829724
9011900492,0.28264552,0.006977608
9011900757,0.41475734,0.005780726
9091700001,0.08294803,0.004090453
9091700725,0.2645206,0.013819811
9388000416,0.61580867,0.043963842
9388000949,0.13559294,0.006148355
9403800123,0.53627706,0.0023392432
9403800156,0.7573912,0.012280328
9403800746,0.31059653,0.024850722
9008500093,0.12295347,0.013277351
9008500245,0.2967532,0.0060280543
9008500316,0.89508915,0.017953606
9011900263,0.17979613,0.013194989
9011900351,0.2658377,0.01213622
9011900696,0.15446691,0.009175861
9016800080,0.320032,0.008133476
9091700076,0.3963197,0.021613766
9091700152,0.38738477,0.01865092
9091700152,0.38738477,0.01865092
9091700152,0.38738477,0.01865092
9239900120,0.31431556,0.010517386
9239900152,0.18179475,0.0044947485
9239900268,0.36490062,0.0085048415
9239900268,0.36490062,0.0085048415
9239900457,0.334683,0.0073262136
9403800073,0.3306428,0.009616424
9008500268,1.29758,0.020522714
9008500351,0.1707006,0.008695712
9008500359,0.19744484,0.011368749
9008500477,0.33167356,0.01417125
9008500663,0.2073747,0.01777263
9008500723,0.43933678,0.008536134
9008500735,0.2167629,0.014032487
9011900123,0.10148478,0.017726073
9011900273,0.40855744,0.005665781
9011900288,0.7018208,0.020957733
9011900498,0.45344913,0.0091852
9011900535,0.52821434,0.01225186
9011900934,0.40841612,0.028044341
9016800047,0.38405907,0.004609031
9016800245,0.53409696,0.03217506
9044200042,0.49164745,0.011368264
9044200121,0.48093033,0.027306248
9091700038,0.32997206,0.008503113
9091700123,0.33509353,0.03817402
9239900054,0.34904465,0.0058389045
9239900105,0.37494183,0.0058449884
9239900663,0.5877958,0.013888336
9388000065,0.46034133,0.004059274
9388000195,0.13346845,0.011409323
9388000195,0.13346845,0.011409323
9403800131,0.3896103,0.01024809
9403800315,0.3654281,0.02188084
9403800349,0.47371453,0.0032208746
9403800958,0.72637385,0.027736248
9008500190,0.2143623,0.0108141545
9008500701,0.7856381,0.018964278
9008500716,0.5141025,0.012141706
9008500939,0.6795835,0.0137103945
9011900001,0.2187668,0.0026733254
9011900012,0.3383411,0.014609642
9011900017,0.45521492,0.048396792
9011900328,0.25912628,0.024880677
9011900441,0.92451423,0.019639047
9011900691,0.5474039,0.062554054
9016800092,0.39481363,0.015038802
9016800092,0.39481363,0.015038802
9016800228,0.5360473,0.02775102
9044200305,0.48880765,0.0069719623
9239900001,0.48898458,0.004073602
9239900205,0.11975802,0.007609329
9239900852,1.0228021,0.020357514
9388000027,0.15598778,0.005331754
9388000084,0.19161865,0.015262673
9388000099,0.4870394,0.014278637
9388000496,0.87200683,0.0336668
9403800016,0.44391042,0.022062503
9403800101,0.38036075,0.0051676007
9403800140,0.40247503,0.016130242
9403800169,0.7461188,0.0070101744
9403800637,0.4004876,0.0038999382
9403801281,0.7661459,0.030757856
9008500251,0.37894773,0.010701407
9008500251,0.37894773,0.010701407
9008500391,0.3841745,0.0076680896
9011900302,0.23564947,0.016034145
9011900302,0.23564947,0.016034145
9011900609,0.2097122,0.0069795675
9016800187,0.17494677,0.009261845
9044200148,0.086358376,0.005987239
9044200170,0.40624604,0.0067312373
9044200205,0.41405046,0.01182242
9008500615,0.4800671,0.008138246
9008500631,0.27689886,0.0150813805
9008500777,0.33294713,0.007854016
9008500783,1.0505663,0.014947423
9008501218,0.3346514,0.013650349
9011900054,0.3882788,0.02343986
9011900121,0.3208543,0.018488582
9388000253,0.28835365,0.04160776
9091700022,0.5957273,0.011042941
9239900185,0.44672272,0.02643758
9239900202,0.42105836,0.024600565
9239900202,0.42105836,0.024600565
9239900630,0.82617253,0.012516109
9239900827,0.6464914,0.027585268
9388000041,0.3047592,0.009862072
9388000041,0.3047592,0.009862072
9388000088,1.1809556,0.113828145
9016800008,0.54977417,0.004454138
9388000437,0.599841,0.005530899
9388000437,0.599841,0.005530899
9388000914,0.16448458,0.006475906
9403800462,0.29964322,0.02555812
9403801002,0.31805286,0.004614083
9008500024,0.15406401,0.005002449
9008500042,0.1928877,0.007176906
9008500070,0.4724913,0.007519291
9008500347,0.12093945,0.010718411
9008500356,0.677571,0.017339649
9008501098,0.62070835,0.029918494
9011900115,0.33594888,0.032346588
9011900115,0.33594888,0.032346588
9011900251,0.34221193,0.024590766
9011900422,0.14409938,0.02893954
9011900772,0.5870964,0.021712614
9011900874,0.032795344,0.0036561943
9016800093,1.032058,0.019617505
9016800138,0.30434942,0.0040546744
9016800231,0.21034782,0.01780937
9016800231,0.21034782,0.01780937
9016800276,0.6097409,0.01447902
9044200032,0.22528693,0.0055705784
9239900588,0.5381366,0.0070560616
9388000256,0.3933918,0.006791436
9388000256,0.3933918,0.006791436
9388000297,0.5919645,0.042958565
9403800035,0.078123026,0.0020375706
9008500209,1.0557146,0.009530308
9008500210,0.30071527,0.016496489
9008500240,0.3297754,0.014592482
9008500307,0.33881703,0.01642673
9011900091,0.4373732,0.010455538
9011900208,0.31534,0.04143972
9011900261,0.12392199,0.0065167323
9011900413,0.72157985,0.003018318
9011900622,0.33514214,0.0071165166
9011900630,0.8069555,0.00731055
9016800343,0.9721701,0.008170528
9016800396,0.857827,0.016333442
9044200057,0.29245967,0.0141101815
9044200316,0.6333539,0.00908926
9239900155,1.1042792,0.029156048
9388000001,0.16817972,0.0035622239
9388000001,0.16817972,0.0035622239
9388000101,0.35852388,0.036716737
9388000190,0.7348009,0.038706176
9388000190,0.7348009,0.038706176
9403800083,0.20867099,0.007227993
9403800352,0.7279511,0.003786274
9403800814,0.3793403,0.003401506
9008500062,0.6782459,0.011059341
9008500110,0.43560666,0.005956648
9008500172,0.35681364,0.011031732
9008500185,0.41882554,0.061779056
9008500246,0.35712138,0.010335965
9008500454,0.7981934,0.090270355
9008500862,0.23885082,0.009064163
9011900006,0.17206107,0.00404771
9011900166,0.9011567,0.012344365
9011900186,0.67373174,0.018186074
9011900329,0.33616918,0.016868902
9011900353,0.350686,0.010377557
9011900453,0.7739474,0.03214998
9011900592,0.27586505,0.007489345
9011900684,0.81961447,0.039284877
9016800069,0.35131183,0.0081385635
9016800110,0.7204171,0.011883608
9016800216,0.75292593,0.0130375
9016800346,0.5608178,0.037999794
9091700143,0.13516624,0.015688682
9091700733,0.123674,0.0061445506
9239900212,0.5297667,0.012524281
9388000269,0.37250862,0.010649242
9403800381,0.52688473,0.016275292
9403800559,0.23326558,0.016696405
9403800763,0.08975396,0.0056464653
9008500100,0.39800227,0.017163746
9008500264,0.8453245,0.028191626
9008500302,0.49127698,0.005791745
9011900138,0.50647515,0.004149952
9011900202,0.37031746,0.020263782
9011900285,0.30143845,0.019344721
9011900476,0.25246537,0.03700286
9011900476,0.25246537,0.03700286
9011900557,0.41863298,0.005407547
9011900590,0.13372661,0.0138940215
9011900708,0.27293572,0.005977537
9011900708,0.27293572,0.005977537
9011900714,0.67519087,0.012084831
9044200047,0.70455074,0.008771724
9044200070,0.30574447,0.009849245
9044200269,0.5514128,0.020039275
9091700005,0.1831737,0.020690892
9091700014,0.2825515,0.010847211
9091700025,0.21783695,0.007015288
9239900003,0.2643918,0.00889
9239900300,0.6529495,0.008973793
9239900970,0.22292095,0.019786019
9388000032,0.6303559,0.031517606
9403800044,0.38924378,0.029612055
9403800111,0.28061405,0.03526482
9403800586,0.71554124,0.002989357
9403800798,0.1748723,0.022548351
9403800798,0.1748723,0.022548351
9008500394,0.3187093,0.007892751
9011900152,0.23797184,0.028657766
9011900152,0.23797184,0.028657766
9011900459,0.2793741,0.022269875
9011900460,0.64703894,0.021541532
9016800072,0.37043735,0.020226773
9016800275,0.13655418,0.008339543
9044200027,1.4704945,0.01199845
9044200075,0.8703503,0.029187804
9008500795,0.2067025,0.010313803
9008500951,0.36979783,0.010312603
9011900038,0.27278298,0.055149928
9011900038,0.27278298,0.055149928
9239900196,0.12597774,0.02899441
9239900615,0.84003663,0.020096712
9388000022,0.19755168,0.016561136
9011900885,0.52004343,0.013187101
9388000597,0.08391855,0.013257174
9388000825,0.5468686,0.012883029
9403800004,0.14236335,0.0179441
9403800017,0.12103601,0.011277635
9403800757,0.51790065,0.0045116367
9008500007,0.26429763,0.004313304
9008500007,0.26429763,0.004313304
9008500034,0.40557206,0.015363097
9008500237,0.25497127,0.008126489
9011900614,0.64674056,0.05292665
9011900816,0.24603777,0.038056705
9016800071,0.3215532,0.006888326
9016800234,0.30424124,0.019144565
9016800303,0.12765883,0.004040647
9016800323,0.32441202,0.014157857
9011900127,0.36146003,0.004349309
9388000296,0.17578061,0.027525999
9091700033,0.55213886,0.009222451
9239900122,0.27496475,0.010847793
9239900131,0.5909833,0.027833113
9239900237,0.53682727,0.023350481
9239900803,0.29064366,0.019285059
9239901116,0.45938098,0.018956145
9403800002,0.41176412,0.0030976164
9403800148,0.41466087,0.0057375473
9403800520,0.18618551,0.009309927
9403800929,0.58052105,0.00964251
9008500004,1.1503456,0.026265403
9008500139,0.14422183,0.007366935
9008500160,0.3372298,0.021301929
9008500181,0.55929714,0.042117823
9008500181,0.55929714,0.042117823
9008500314,0.17711742,0.00902094
9008500500,1.1133088,0.03912389
9011900163,0.5503255,0.033623535
9011900242,0.54514897,0.012804829
9011900451,0.27517623,0.0077313664
9011900599,0.8870679,0.008768926
9091700135,0.57434905,0.015792247
9091700135,0.57434905,0.015792247
9091700444,1.0811654,0.031933602
9239900146,0.7703698,0.051335517
9239900246,0.6611666,0.016611759
9239900346,0.35345185,0.03322086
9388000471,0.50696796,0.0206691
9403800099,0.28133953,0.025653692
9403800833,0.10435852,0.007912461
9008500166,0.50154316,0.011283397
9008500197,0.26091528,0.013302225
9008500646,0.31843755,0.012399673
9011900026,0.19075072,0.031553127
9011900072,0.30474386,0.005979435
9011900082,0.46874592,0.005488896
9011900113,0.38009453,0.046785414
9011900196,0.22772951,0.02064001
9011900198,0.27584955,0.02594467
9011900265,0.4876605,0.0059510265
9011900759,0.29203823,0.020758001
9016800087,0.30093586,0.003987821
9016800087,0.30093586,0.003987821
9016800351,1.083109,0.04383387
9044200179,0.22813065,0.008880682
9044200179,0.22813065,0.008880682
9044200348,0.6423096,0.011850132
9239900004,0.31251505,0.0034802787
9239900082,0.5277617,0.012411885
9239900178,0.57618546,0.01384572
9239900366,0.48406187,0.026914818
9239900778,0.5455416,0.03224492
9388000002,0.10070628,0.01678492
9388000006,0.93004525,0.027346754
9388000566,0.30280572,0.021772793
9403800047,0.058724668,0.004282435
9403800121,0.17088664,0.0075885085
9403800390,0.50308895,0.011333763
9403800507,0.3993557,0.0065961666
9403800551,0.5764425,0.027125934
9008500122,0.22865829,0.010607455
9008500169,0.13477932,0.007757393
9008500472,0.7185446,0.045640185
9008500722,0.52804303,0.022680903
9008500751,0.7543361,0.024064332
9008500890,0.9465791,0.021464063
9011900051,0.37498298,0.005672426
9011900137,0.24412125,0.00765512
9011900367,0.92191863,0.011025221
9011900450,1.017456,0.022881603
9011900785,0.21074833,0.018251173
9016800010,0.10049625,0.008177487
9016800130,0.37373516,0.0067221154
9044200130,0.44299984,0.020439858
9239900125,0.42086986,0.008309548
9239900386,0.21952291,0.007596058
9239900567,0.39024708,0.034223124
9388000124,0.06253466,0.0067758504
9403800114,0.4761657,0.00889938
9403800404,0.3910339,0.010472226
9403801368,0.093243964,0.0018255436
9008500137,0.33540678,0.038335934
9008500182,0.21471688,0.00835966
9008500339,0.18738817,0.016759548
9008500450,0.504716,0.031498548
9011900281,0.40385914,0.007007359
9011900287,0.1431126,0.010367189
9011900343,0.25968608,0.009973023
9011900347,0.33348355,0.012861919
9016800037,0.23587692,0.03476266
9016800236,0.30468452,0.0042385906
9016800263,0.7005663,0.016783865
9091700062,0.30092314,0.020394824
9091700107,0.13834074,0.011055814
9091700107,0.13834074,0.011055814
9239900020,0.1549185,0.0053553334
9239900071,0.691026,0.047538787
9239900167,0.4485587,0.0058508664
9239900289,0.81503266,0.010484311
9239900289,0.81503266,0.010484311
9239900478,0.53505474,0.01201428
9388000343,1.5042647,0.01126453
9403800025,0.3048395,0.0032051115
9403800149,0.5958226,0.0032564618
9403801268,1.1556082,0.010972012
9008500107,0.4940315,0.010014228
9008500511,0.802111,0.00596705
9008500753,0.21881312,0.025111875
9011900147,0.6282246,0.00586724
9011900157,0.20268974,0.030474953
9011900228,0.4611888,0.033708442
9011900322,0.41288128,0.022585826
9011900479,0.42496184,0.0073281513
9011900789,0.8829899,0.016834442
9016800038,0.08627496,0.016756466
9016800038,0.08627496,0.016756466
9016800171,0.33193913,0.04575908
9016800171,0.33193913,0.04575908
9016800287,0.7830009,0.018372174
9044200007,0.20518707,0.005719859
9044200015,0.37025023,0.00448143
9091700202,0.616408,0.034148376
9239900019,0.16936316,0.022894818
9239900135,0.22834763,0.013175752
9388000005,0.25451186,0.020960664
9388000338,0.8975289,0.026369272
9403800021,0.47784305,0.0046887808
9403800077,0.13918114,0.005900469
9403800165,0.23099437,0.010860402
9403800319,0.4466404,0.02326675
9008500103,0.35508174,0.012791222
9008500228,0.62158656,0.017550591
9008500256,0.22898544,0.011950063
9008500362,0.44248894,0.025200507
9008500535,0.90121907,0.020193653
9011900168,0.24386996,0.010062598
9011900170,0.21128565,0.01619667
9011900201,0.37130564,0.014441348
9011900222,0.39550364,0.03639342
9011900225,0.7356044,0.049845822
9011900312,0.13613892,0.008491985
9011900312,0.13613892,0.008491985
9011900342,0.6009272,0.022664778
9011900421,0.43298432,0.043895926
9011900671,0.323915,0.036367543
9016800272,0.30067617,0.041331645
9016800317,0.4456211,0.018694004
9044200079,0.21986751,0.014737994
9239900211,0.47331336,0.0071451846
9239900222,0.4126236,0.029707398
9388000051,0.21229786,0.011900437
9388000051,0.21229786,0.011900437
9388000364,0.9386705,0.028608004
9388000364,0.9386705,0.028608004
9388000380,0.5590726,0.02300036
9388000391,0.5398201,0.0067800824
9388000391,0.5398201,0.0067800824
9403800560,0.7829947,0.0053541213
9403800813,0.47261506,0.0027034632
9008500022,0.10942169,0.011513195
9008500080,0.42002818,0.027602501
9008500492,0.47203666,0.01906463
9008500829,0.1757324,0.009137741
9008500968,0.19606556,0.0054352903
9011900680,0.26728955,0.0073352177
9011900865,0.5761678,0.042356886
9011900865,0.5761678,0.042356886
9016800065,0.41279444,0.02340338
9016800079,0.48772493,0.014952951
9016800386,0.51347333,0.039360788
9016800428,0.37328678,0.008271025
9239900035,0.68557334,0.013139977
9239900039,0.24953116,0.014115951
9239900112,0.4748089,0.023144929
9239900272,0.7436939,0.08544255
9239900293,0.32516047,0.047478873
9239900385,0.66234523,0.022852195
9239900501,0.3869683,0.023866769
9239900540,0.20642176,0.020343343
9388000080,0.92423964,0.046332538
9388000080,0.92423964,0.046332538
9388000130,2.0889168,0.02176566
9403800057,0.19678661,0.0038728253
9008500074,0.93078357,0.008492471
9008500118,0.21008462,0.009911272
9008500171,0.41386458,0.028979486
9008500220,0.85490966,0.006195995
9008500292,0.46202755,0.010938881
9008500542,0.22170135,0.02002993
9011900025,0.18432994,0.018973613
9011900144,0.7248333,0.026688585
9011900254,0.15338472,0.0025475915
9011900272,0.29459798,0.0064398027
9011900298,0.08495384,0.0053845122
9011900338,0.6673301,0.012837484
9011900430,0.07018516,0.003172249
9011900475,0.13300799,0.017556963
9011900617,0.43145606,0.009754588
9016800013,0.3673055,0.017488148
9016800056,0.33311138,0.012103683
9016800084,0.38674498,0.01100728
9016800314,0.6312501,0.03440209
9239900108,0.27865237,0.003727585
9239900169,0.5315415,0.012742711
9239900641,0.88244176,0.01832853
9239901001,0.10868941,0.0040122597
9388000053,0.6487124,0.046334542
9388000219,0.6441253,0.0041222763
9388000219,0.6441253,0.0041222763
9403800007,0.4747137,0.01258949
9403800045,0.1075023,0.0074584875
9403800187,0.2869066,0.015081202
9403800619,0.6611505,0.006733429
9008500084,0.47393942,0.061161917
9008500089,0.3822124,0.0044643846
9008500303,0.16350906,0.0058641876
9008500328,0.29283783,0.0067036464
9008500398,0.70303607,0.024934668
9011900048,0.5630083,0.0045032892
9011900103,0.33625436,0.009469274
9011900189,0.28141308,0.022277165
9011900462,0.35692856,0.0062931664
9044200138,0.32097355,0.026816381
9091700092,0.27624312,0.010834809
9239900141,0.9099492,0.04431554
9239900145,0.09910792,0.008450618
9239900147,0.21103933,0.023904108
9239900342,0.66665244,0.03750462
9388000004,0.42524093,0.00664994
9388000055,0.32625827,0.0071318126
9388000062,0.5279635,0.0036315718
9388000571,0.52280027,0.04206147
9403800023,0.08901786,0.010401686
9403800881,1.0892419,0.00729988
9008500234,0.27718073,0.0074911974
9008500730,0.65037906,0.061738368
9008500731,0.36534315,0.007214649
9008500848,0.14298394,0.008280498
9008500893,1.2758983,0.00557783
9011900013,0.1357823,0.008026051
9011900045,0.10696628,0.011408255
9011900101,1.2583448,0.0137942
9011900232,0.7046495,0.01508291
9011900783,0.6705301,0.033475965
9016800041,0.19187212,0.004490098
9044200061,0.04142085,0.0038734616
9091700063,0.7316577,0.0149004655
9239900024,0.2605126,0.0068870364
9239900024,0.2605126,0.0068870364
9239900175,0.29037502,0.03007762
9239900408,0.68340635,0.011599799
9239900492,0.44975778,0.0069784317
9388000142,0.62190324,0.04698777
9388000142,0.62190324,0.04698777
9403800490,0.5651396,0.036261298
9008500221,0.2671699,0.033229746
9008500405,0.07164273,0.00446963
9008500524,0.7437604,0.009113678
9011900304,0.22594246,0.037092302
9011900330,0.24800692,0.045965023
9011900364,0.3804909,0.0466253
9011900429,0.5375246,0.010207794
9011900584,0.24781637,0.0257507
9011900793,0.9981416,0.016034184
9016800024,0.2474439,0.0047173523
9016800440,0.5383471,0.02261808
9239900465,0.63520765,0.03933302
9239900555,0.7063036,0.0063518723
9388000043,0.25315717,0.022772403
9388000043,0.25315717,0.022772403
9403800029,0.3028166,0.0020418537
9403800116,0.24107511,0.024879975
9403801061,0.64848655,0.011989867
9008500067,0.507151,0.008625876
9008500114,0.2088342,0.0038967645
9008500239,0.43446895,0.005230617
9008500239,0.43446895,0.005230617
9008500326,0.630179,0.022366779
9008500689,0.49681282,0.0698122
9008500724,0.5763531,0.0063243993
9008501028,0.21501629,0.010761102
9011900118,0.6555833,0.034516938
9011900250,0.3237981,0.011637974
9011900365,0.16433302,0.009368614
9011900521,0.49377823,0.008264587
9011900558,0.85885215,0.02542372
9011900837,0.42622015,0.025586197
9016800089,0.630004,0.0064848266
9044200175,0.10564884,0.005107227
9044200176,0.3500253,0.013899041
9239900107,0.538642,0.011701333
9239900117,0.43861386,0.030328164
9388000056,0.21661949,0.013851432
9388000063,0.52805233,0.0041206297
9388000773,0.0612363,0.011107394
9388001005,0.58729935,0.0054149274
9008501016,0.590566,0.018001502
9011900125,0.41612428,0.006837366
9011900156,0.3054579,0.0057307878
9011900539,0.2524863,0.017377572
9011900547,0.11648362,0.002226698
9016800014,0.43137848,0.0050466764
9016800014,0.43137848,0.0050466764
9016800074,0.81134635,0.015643075
9016800144,0.54340225,0.054062314
9016800153,0.42545816,0.006267429
9016800167,0.583676,0.012741921
9016800222,0.13357899,0.01251628
9016800308,0.2390349,0.010036684
9044200028,0.460924,0.009554066
9044200140,0.23656489,0.012964132
9044200204,0.32889542,0.008826806
9091700399,0.643588,0.039329793
9239900242,0.0604438,0.009301757
9239900242,0.0604438,0.009301757
9388000074,0.34888434,0.020846222
9388000248,0.18693697,0.019587815
9388000397,0.113778435,0.008698504
9388000397,0.113778435,0.008698504
9403800086,0.16903847,0.0053689918
9403800120,0.27725422,0.0034097624
9403800256,0.33546168,0.019597307
9403801173,0.74868155,0.02815734
9008500068,0.20115712,0.014172348
9008500096,0.06584502,0.005034712
9008500805,0.3296509,0.05292045
9011900024,0.14112903,0.0022180378
9011900314,0.37355816,0.00852136
9011900376,0.46307176,0.02091733
9016800109,0.9445329,0.015429838
9016800425,0.61936647,0.010402079
9239900088,0.4422932,0.010324351
9239900119,0.4662416,0.0073614246
9239900370,0.48185113,0.03474048
9239901328,0.66561717,0.018292457
9388000033,0.59962714,0.008609818
9388000046,1.0434383,0.01719859
9388000105,0.2520752,0.008823368
9388000105,0.2520752,0.008823368
9403800005,0.3594929,0.013035634
9403800397,0.9885592,0.009227329
9403800694,0.28275892,0.018761106
9008500020,0.134493,0.008999513
9008500069,0.23085633,0.0052342815
9008500082,0.21966262,0.016360816
9008500141,0.32657647,0.017260741
9008500145,0.6291303,0.02684677
9008500196,0.34081107,0.0074391617
9008500249,0.27840623,0.016464526
9008500323,0.61895674,0.0070294854
9011900165,0.3144444,0.018408446
9011900218,0.41588232,0.026819246
9011900247,0.35949087,0.005849117
9011900500,0.2859868,0.007425775
9011900529,0.7704882,0.006145163
9011900774,0.55730885,0.019874858
9016800001,0.09554653,0.0031241854
9016800186,0.5491379,0.083316125
9016800241,0.43676433,0.008200855
9044200001,0.16229734,0.004758304
9044200147,0.5570171,0.021431943
9044200248,0.6959127,0.028527318
9091700024,0.13205516,0.004548288
9239900150,0.32541782,0.012644441
9239900327,0.22807981,0.035408694
9239900446,0.5357964,0.020475486
9239900446,0.5357964,0.020475486
9388000048,0.1947424,0.015853964
9388000160,0.5172012,0.019631183
9388000160,0.5172012,0.019631183
9388000360,0.75658107,0.026881399
9388000547,0.5402962,0.029721009
9388000993,0.5004345,0.021923551
9403800117,0.08689441,0.0029080315
9403800119,0.19412674,0.0059911977
9403801579,0.37540993,0.025106069
9008500043,0.30986497,0.045852456
9008500077,0.21041325,0.0059617935
9008500224,0.517401,0.028500192
9008500679,0.42907387,0.015337676
9011900074,0.048085276,0.0029083183
9011900404,0.25792092,0.031185433
9011900418,2.0088205,0.0047831475
9011900711,0.30301443,0.00592597
9011900859,0.45543253,0.019830566
9016800147,0.6663119,0.006823066
9016800274,0.5388262,0.042893156
9016800321,0.3881074,0.007227272
9044200025,0.08673336,0.003522918
9044200091,0.19535173,0.011017969
9091700393,0.5580788,0.009668257
9239900136,0.44096962,0.0077645537
9239900182,0.6884389,0.013260705
9388000132,0.16839457,0.023356773
9388000132,0.16839457,0.023356773
9388000197,0.7844863,0.02367629
9388000489,0.16324782,0.007986647
9403800250,0.5777603,0.008250329
9403800295,0.24079263,0.007568103
9403800636,0.2771679,0.004903881
9403800911,0.4983262,0.011622661
9403800968,0.38792798,0.0032758804
