CATID,Age_RE,Mstar
9008500296,5.7463226384084365,10.461699
9011900161,4.7795829876952505,9.722659
9011900183,7.751575950609121,10.43958
9011900233,7.751575950609121,10.868855
9011900383,6.447480044667415,10.668077
9011900752,8.1168964702676,9.632451
9388000139,8.1168964702676,11.059165
9016800163,1.1465421010068892,9.62191
9016800416,8.1168964702676,10.718145
9044200004,9.985964243287482,11.016754
9044200155,13.470695111082255,10.732547
9044200158,5.240708532664743,11.305182
9008500586,6.59766114757817,10.063623
9091700242,5.7463226384084365,10.118936
9239900208,6.908599337995359,10.0424
9239900208,2.687757031157795,10.0424
9239900354,4.5644663175231495,10.372797
9239900390,7.402697562813775,11.083967
9239900659,1.7353616937846603,10.035913
9388000044,5.487695516567193,10.121547
9388000044,5.7463226384084365,10.121547
9388000068,7.751575950609121,11.207246
9388000068,7.575128540001153,11.207246
9388000921,6.59766114757817,10.7903
9403800001,5.7463226384084365,11.29809
9403800032,8.1168964702676,10.138829
9403800184,5.7463226384084365,11.116923
9403800215,5.487695516567193,10.624117
9008500059,7.751575950609121,10.612209
9008500158,1.4434109866494478,10.146747
9008500225,6.447480044667415,10.922438
9008500376,3.015712989638904,10.379381
9011900264,8.900000000000006,9.560537
9011900279,6.751340417759738,10.753651
9011900340,5.7463226384084365,10.667952
9011900807,2.687757031157795,10.605994
9239900009,6.300717481018831,10.73147
9239900248,7.575128540001153,10.485644
9239900403,5.3627803160617855,10.710334
9239901025,3.015712989638904,10.108314
9239901098,2.287652246664289,10.060179
9388000120,5.7463226384084365,10.61892
9388000807,4.460566379282725,10.633996
9008500117,1.5826686749346417,9.746698
9008500318,1.6195337641628855,10.096706
9008500365,5.487695516567193,10.606868
9008500673,1.3784467908321083,10.771184
9011900030,3.710137512885986,11.178338
9011900057,6.300717481018831,11.12023
9011900325,12.28541995496568,10.437087
9011900438,5.7463226384084365,10.157401
9011900440,6.300717481018831,10.830612
9011900519,1.6958600389872902,10.31398
9016800160,5.487695516567193,10.505381
9016800219,3.383685627252995,9.561369
9044200188,1.5466427375869445,9.6770735
9044200217,5.7463226384084365,10.759009
9239900063,1.4770323476194291,10.191113
9239900100,3.4625017904490982,10.733721
9239900256,1.4434109866494478,11.023584
9388000785,2.3409385127868907,10.276214
9403800473,5.7463226384084365,9.914436
9403800690,1.4105549412903913,10.094295
9403801088,2.508360808825364,10.251946
9008500516,5.7463226384084365,10.646516
9008500643,4.259807821671483,10.359236
9008500938,2.134961297927347,10.335156
9011900068,8.499434015590785,9.685364
9011900100,4.259807821671483,10.375867
9011900392,8.499434015590785,9.673485
9016800061,9.985964243287482,10.983491
9016800185,1.5466427375869445,10.15541
9016800393,3.306663538964836,10.633718
9016800559,3.2313946874539026,10.67207
9091700231,2.8799835466736923,10.479834
9239900337,4.259807821671483,10.150816
9239900362,6.751340417759738,10.893538
9388000007,6.157295641178537,10.898729
9388000035,9.758655945674352,10.300121
9388000400,2.395465975494956,10.139272
9388001017,5.487695516567193,10.98367
9403800272,1.1204436164968088,9.998219
9403800581,2.508360808825364,9.570333
9403801010,7.932133349390338,10.677064
9008500083,10.700153468094982,10.275592
9008500333,3.4625017904490982,10.626745
9008500690,4.06808488757239,10.354514
9011900084,1.1465421010068892,10.658336
9011900150,6.908599337995359,10.283888
9011900175,10.45658823896182,10.569044
9011900210,6.01713848098864,9.75946
9011900776,5.7463226384084365,10.388289
9016800039,7.751575950609121,10.840575
9016800095,1.4770323476194291,10.014639
9016800259,8.1168964702676,9.850292
9016800259,8.1168964702676,9.850292
9016800304,6.157295641178537,9.943204
9016800412,8.499434015590785,10.454427
9044200249,2.508360808825364,10.039982
9044200383,7.751575950609121,10.266959
9239900277,4.259807821671483,10.723983
9239900398,5.240708532664743,10.226522
9388000058,5.7463226384084365,11.011521
9388000058,9.319444077653012,11.011521
9403800064,8.499434015590785,10.093074
9403800168,5.487695516567193,10.57053
9008500001,10.218567231322265,11.73324
9008500099,16.19533764162886,10.246384
9008500128,6.59766114757817,10.306923
9008500204,3.4625017904490982,10.153932
9008501077,4.259807821671483,10.110109
9011900128,1.5114368506909526,9.547616
9011900321,5.487695516567193,10.496003
9011900321,5.487695516567193,10.496003
9011900492,7.234191593860486,10.548814
9011900757,5.487695516567193,10.866962
9091700001,14.770323476194296,11.412769
9091700725,9.985964243287482,10.400592
9388000416,2.4512635459709684,10.206653
9388000949,8.499434015590785,10.769343
9403800123,5.240708532664743,11.052546
9403800156,3.625684472456604,10.283815
9403800746,5.3627803160617855,9.585876
9008500093,9.319444077653012,10.112042
9008500245,9.985964243287482,10.855087
9008500316,2.626576211733084,10.540434
9011900263,6.447480044667415,10.231358
9011900351,5.7463226384084365,10.208089
9011900696,5.240708532664743,10.404633
9016800080,5.240708532664743,10.358017
9091700076,5.7463226384084365,10.210029
9091700152,1.2864413959638756,10.189335
9091700152,1.4770323476194291,10.189335
9091700152,1.1465421010068892,10.189335
9239900120,2.9470669811950616,10.43428
9239900152,6.447480044667415,11.048241
9239900268,4.359031492379173,10.644997
9239900268,5.487695516567193,10.644997
9239900457,5.3627803160617855,10.679064
9403800073,5.487695516567193,10.091829
9008500268,1.4105549412903913,10.652794
9008500351,8.499434015590785,10.453451
9008500359,6.01713848098864,10.237981
9008500477,5.487695516567193,10.511457
9008500663,8.499434015590785,10.113906
9008500723,9.319444077653012,10.790132
9008500735,7.402697562813775,10.374859
9011900123,5.7463226384084365,10.17018
9011900273,3.710137512885986,10.776105
9011900288,1.9471078453151025,10.027175
9011900498,3.2313946874539026,10.37744
9011900535,4.7795829876952505,10.368544
9011900934,6.751340417759738,9.780722
9016800047,4.259807821671483,10.661856
9016800245,1.5114368506909526,9.992801
9044200042,8.900000000000006,10.615635
9044200121,2.508360808825364,9.908374
9091700038,5.487695516567193,10.627903
9091700123,1.0949392060230196,9.674864
9239900054,5.487695516567193,10.921854
9239900105,17.353616937846613,10.867759
9239900663,1.3784467908321083,10.4245205
9388000065,5.7463226384084365,11.150251
9388000195,3.884990906937478,10.491165
9388000195,3.884990906937478,10.491165
9403800131,2.9470669811950616,10.159599
9403800315,6.59766114757817,9.55769
9403800349,3.2313946874539026,10.814638
9403800958,2.8799835466736923,9.951079
9008500190,10.45658823896182,10.562917
9008500701,2.9470669811950616,10.430888
9008500716,4.6707863962229785,10.38052
9008500939,2.134961297927347,10.536277
9011900001,9.758655945674352,11.5877
9011900012,10.45658823896182,9.969811
9011900017,5.880171687267607,9.575955
9011900328,8.1168964702676,10.020392
9011900441,1.0949392060230196,10.491172
9011900691,2.9470669811950616,9.7649145
9016800092,1.5826686749346417,10.047128
9016800092,1.5826686749346417,10.047128
9016800228,1.9924618133258227,9.8440075
9044200305,1.4770323476194291,10.809989
9239900001,5.487695516567193,11.234813
9239900205,13.470695111082255,10.894853
9239900852,1.2571584147142514,10.383068
9388000027,5.7463226384084365,10.821087
9388000084,5.487695516567193,10.1487
9388000099,9.536521816614703,10.393627
9388000496,2.8799835466736923,10.251181
9403800016,6.751340417759738,9.736897
9403800101,11.4654210100689,10.266611
9403800140,4.6707863962229785,9.612344
9403800169,3.085957969027533,10.551248
9403800637,7.932133349390338,10.540259
9403801281,1.0949392060230196,9.801854
9008500251,3.2313946874539026,10.433571
9008500251,3.306663538964836,10.433571
9008500391,5.487695516567193,10.579218
9011900302,8.1168964702676,10.003169
9011900302,8.499434015590785,10.003169
9011900609,10.45658823896182,10.326349
9016800187,5.7463226384084365,10.185539
9044200148,7.751575950609121,10.892316
9044200170,5.6155203658737225,10.666188
9044200205,10.45658823896182,10.296387
9008500615,3.306663538964836,10.627842
9008500631,6.751340417759738,10.328973
9008500777,7.751575950609121,10.569563
9008500783,3.383685627252995,10.725147
9008501218,4.259807821671483,10.520005
9011900054,8.900000000000006,10.041541
9011900121,8.1168964702676,9.928964
9388000253,8.69741126650672,10.012478
9091700022,9.985964243287482,10.532259
9239900185,9.985964243287482,10.534463
9239900202,4.06808488757239,10.167504
9239900202,4.6707863962229785,10.167504
9239900630,1.4105549412903913,10.728128
9239900827,1.4770323476194291,10.171366
9388000041,6.300717481018831,10.591155
9388000041,7.402697562813775,10.591155
9388000088,2.750362934937096,9.946477
9016800008,2.8144271175498585,10.909587
9388000437,7.575128540001153,11.073134
9388000437,5.7463226384084365,11.073134
9388000914,6.447480044667415,10.631817
9403800462,3.884990906937478,9.766293
9403801002,5.7463226384084365,10.361357
9008500024,12.28541995496568,10.753547
9008500042,5.7463226384084365,10.522638
9008500070,11.4654210100689,10.627803
9008500347,10.45658823896182,10.257658
9008500356,4.6707863962229785,10.38186
9008501098,2.508360808825364,10.144365
9011900115,8.499434015590785,9.780833
9011900115,8.499434015590785,9.780833
9011900251,5.487695516567193,9.856388
9011900422,3.543153817926126,9.764031
9011900772,1.2864413959638756,10.033112
9011900874,7.575128540001153,10.902478
9016800093,1.3470695111082254,10.420961
9016800138,9.985964243287482,10.872604
9016800231,3.884990906937478,10.074238
9016800231,4.89091377733286,10.074238
9016800276,5.6155203658737225,10.390971
9044200032,9.319444077653012,10.69248
9239900588,8.1168964702676,10.670684
9388000256,5.487695516567193,10.682936
9388000256,3.884990906937478,10.682936
9388000297,1.3164064654697047,9.823018
9403800035,5.880171687267607,11.339975
9008500209,3.4625017904490982,10.807641
9008500210,13.164064654697052,10.208399
9008500240,7.402697562813775,10.137318
9008500307,7.751575950609121,10.161242
9011900091,3.884990906937478,10.266267
9011900208,5.880171687267607,9.60291
9011900261,6.300717481018831,10.568536
9011900413,7.751575950609121,11.259835
9011900622,5.487695516567193,10.397062
9011900630,5.487695516567193,10.898009
9016800343,1.4434109866494478,10.844286
9016800396,3.383685627252995,10.554544
9044200057,9.985964243287482,10.276079
9044200316,9.985964243287482,10.759214
9239900155,2.287652246664289,10.295054
9388000001,15.826686749346422,11.537902
9388000001,13.78446790832109,11.537902
9388000101,6.447480044667415,10.014296
9388000190,1.4770323476194291,10.094744
9388000190,2.086363645634731,10.094744
9403800083,5.240708532664743,10.185919
9403800352,3.1578391641788226,11.003578
9403800814,7.402697562813775,10.666731
9008500062,3.015712989638904,10.627398
9008500110,5.7463226384084365,10.750234
9008500172,7.751575950609121,10.395231
9008500185,1.1465421010068892,9.546434
9008500246,5.487695516567193,10.324481
9008500454,2.0388722109633184,9.831386
9008500862,9.758655945674352,10.673769
9011900006,5.7463226384084365,10.841409
9011900166,1.0949392060230196,10.623631
9011900186,4.6707863962229785,10.142353
9011900329,5.7463226384084365,9.993079
9011900353,5.487695516567193,10.357874
9011900453,4.359031492379173,9.8765335
9011900592,10.45658823896182,10.360465
9011900684,2.395465975494956,9.915297
9016800069,6.751340417759738,10.375878
9016800110,1.6572575516299524,10.447974
9016800216,2.9470669811950616,10.448316
9016800346,2.395465975494956,9.561749
9091700143,8.499434015590785,10.140102
9091700733,4.89091377733286,10.904732
9239900212,4.162842757456065,10.8189535
9388000269,2.687757031157795,10.547944
9403800381,4.89091377733286,9.836596
9403800559,4.6707863962229785,9.754714
9403800763,2.8799835466736923,10.358807
9008500100,2.9470669811950616,10.229788
9008500264,1.4770323476194291,10.2289505
9008500302,4.06808488757239,10.749374
9011900138,3.884990906937478,10.941558
9011900202,6.01713848098864,10.034747
9011900285,8.1168964702676,9.863637
9011900476,3.884990906937478,9.664803
9011900476,3.383685627252995,9.664803
9011900557,5.487695516567193,10.713531
9011900590,6.751340417759738,10.081767
9011900708,3.383685627252995,10.568552
9011900708,3.383685627252995,10.568552
9011900714,3.015712989638904,10.375808
9044200047,3.1578391641788226,10.752869
9044200070,9.985964243287482,10.288295
9044200269,2.395465975494956,10.127597
9091700005,9.985964243287482,10.116735
9091700014,5.7463226384084365,10.203943
9091700025,8.499434015590785,10.783948
9239900003,10.218567231322265,10.698699
9239900300,9.985964243287482,10.780939
9239900970,15.46642737586945,10.146932
9388000032,1.5114368506909526,10.111272
9403800044,8.69741126650672,9.663007
9403800111,9.536521816614703,9.628886
9403800586,5.121415442300698,11.014972
9403800798,6.447480044667415,9.595891
9403800798,3.884990906937478,9.595891
9008500394,5.487695516567193,10.532922
9011900152,1.775783460322303,9.703406
9011900152,1.8594735564600955,9.703406
9011900459,11.4654210100689,9.819076
9011900460,7.069521289046108,10.223298
9016800072,3.884990906937478,9.82713
9016800275,9.985964243287482,10.350059
9044200027,5.240708532664743,11.070837
9044200075,0.9985964243287476,10.132987
9008500795,5.487695516567193,10.594065
9008500951,6.751340417759738,10.492844
9011900038,5.3627803160617855,9.506463
9011900038,5.7463226384084365,9.506463
9239900196,3.085957969027533,10.159445
9239900615,1.8594735564600955,10.537164
9388000022,8.900000000000006,10.079268
9011900885,10.218567231322265,10.456133
9388000597,10.218567231322265,10.307098
9388000825,3.543153817926126,10.244561
9403800004,8.900000000000006,9.903342
9403800017,8.499434015590785,10.136244
9403800757,4.06808488757239,10.463157
9008500007,9.536521816614703,10.939993
9008500007,8.1168964702676,10.939993
9008500034,10.45658823896182,10.199323
9008500237,8.900000000000006,10.582174
9011900614,1.6572575516299524,9.787011
9011900816,8.1168964702676,9.828166
9016800071,16.95860038987291,10.444716
9016800234,1.0949392060230196,9.949007
9016800303,5.7463226384084365,10.986324
9016800323,4.89091377733286,10.167283
9011900127,9.985964243287482,11.049059
9388000296,2.9470669811950616,10.119308
9091700033,10.45658823896182,10.723312
9239900122,8.1168964702676,10.507512
9239900131,5.487695516567193,10.11652
9239900237,1.4770323476194291,10.2876625
9239900803,1.5114368506909526,10.015266
9239901116,6.300717481018831,10.739614
9403800002,5.487695516567193,10.989715
9403800148,5.487695516567193,10.328576
9403800520,5.880171687267607,10.003793
9403800929,3.710137512885986,10.1679535
9008500004,6.300717481018831,10.639072
9008500139,5.7463226384084365,10.479002
9008500160,5.487695516567193,10.113081
9008500181,1.4105549412903913,9.711386
9008500181,1.0700153468094975,9.711386
9008500314,12.86441395963876,10.519088
9008500500,2.287652246664289,10.239671
9011900163,6.751340417759738,9.899929
9011900242,2.56678803778268,10.409188
9011900451,8.499434015590785,10.372318
9011900599,2.750362934937096,10.764705
9091700135,3.383685627252995,10.233887
9091700135,3.884990906937478,10.233887
9091700444,2.0388722109633184,10.354764
9239900146,2.0388722109633184,9.870541
9239900246,4.7795829876952505,10.389662
9239900346,1.0949392060230196,9.684829
9388000471,2.687757031157795,10.228122
9403800099,6.751340417759738,9.822665
9403800833,6.59766114757817,10.18921
9008500166,2.395465975494956,10.412521
9008500197,8.305963277093225,10.167349
9008500646,1.8594735564600955,10.650841
9011900026,4.162842757456065,10.112734
9011900072,8.900000000000006,10.645508
9011900082,5.487695516567193,10.679285
9011900113,3.383685627252995,9.599499
9011900196,8.1168964702676,9.903426
9011900198,8.900000000000006,9.997012
9011900265,5.487695516567193,10.67285
9011900759,1.0949392060230196,9.820666
9016800087,10.218567231322265,10.873647
9016800087,9.758655945674352,10.873647
9016800351,2.508360808825364,10.174526
9044200179,3.884990906937478,10.440303
9044200179,5.487695516567193,10.440303
9044200348,2.750362934937096,10.552072
9239900004,5.487695516567193,11.322781
9239900082,4.6707863962229785,10.541163
9239900178,5.6155203658737225,10.633169
9239900366,2.184690934959677,10.088965
9239900778,1.0949392060230196,10.175201
9388000002,4.259807821671483,10.472419
9388000006,1.9471078453151025,10.99851
9388000566,1.5466427375869445,10.262531
9403800047,6.59766114757817,10.524509
9403800121,5.487695516567193,9.945146
9403800390,5.6155203658737225,10.044232
9403800507,3.383685627252995,10.174771
9403800551,1.0949392060230196,9.751906
9008500122,5.240708532664743,10.288573
9008500169,5.240708532664743,10.709361
9008500472,1.4770323476194291,9.818075
9008500722,6.59766114757817,10.191547
9008500751,3.796557717334176,10.057393
9008500890,3.015712989638904,10.374965
9011900051,12.86441395963876,10.581162
9011900137,17.353616937846613,10.433659
9011900367,2.8144271175498585,10.775964
9011900450,3.2313946874539026,10.34807
9011900785,6.908599337995359,9.969177
9016800010,9.758655945674352,10.210162
9016800130,10.45658823896182,10.558069
9044200130,9.319444077653012,10.30613
9239900125,3.4625017904490982,10.745462
9239900386,13.78446790832109,10.64753
9239900567,3.1578391641788226,10.037008
9388000124,5.3627803160617855,10.730455
9403800114,5.240708532664743,10.118836
9403800404,3.2313946874539026,9.860751
9403801368,3.710137512885986,11.465432
9008500137,8.499434015590785,10.045049
9008500182,13.470695111082255,10.435489
9008500339,8.1168964702676,10.279981
9008500450,4.6707863962229785,10.133665
9011900281,5.487695516567193,10.594828
9011900287,5.004837794194108,10.430638
9011900343,7.751575950609121,10.204885
9011900347,6.59766114757817,10.397512
9016800037,5.121415442300698,9.77479
9016800236,7.234191593860486,10.825523
9016800263,3.2313946874539026,10.160607
9091700062,3.4625017904490982,10.099332
9091700107,10.949392060230204,10.355667
9091700107,8.499434015590785,10.355667
9239900020,8.1168964702676,10.939418
9239900071,1.775783460322303,10.039417
9239900167,5.487695516567193,11.028429
9239900289,5.7463226384084365,10.885976
9239900289,5.487695516567193,10.885976
9239900478,6.751340417759738,10.605478
9388000343,1.3784467908321083,10.800942
9403800025,10.45658823896182,10.692318
9403800149,5.7463226384084365,10.856186
9403801268,2.395465975494956,10.519668
9008500107,1.0949392060230196,10.439729
9008500511,3.2313946874539026,11.040866
9008500753,14.105549412903915,10.007386
9011900147,4.06808488757239,10.839615
9011900157,4.6707863962229785,9.709981
9011900228,2.508360808825364,9.786595
9011900322,3.884990906937478,9.85348
9011900479,3.543153817926126,10.564501
9011900789,2.8799835466736923,10.47979
9016800038,9.107307631298715,9.949556
9016800038,11.4654210100689,9.949556
9016800171,3.015712989638904,9.58667
9016800171,2.4512635459709684,9.58667
9016800287,1.5114368506909526,10.339099
9044200007,14.434109866494484,10.786874
9044200015,5.880171687267607,10.83034
9091700202,1.0700153468094975,10.069292
9239900019,4.89091377733286,10.110426
9239900135,7.751575950609121,10.244543
9388000005,6.447480044667415,10.055429
9388000338,1.4770323476194291,10.215581
9403800021,5.7463226384084365,10.485468
9403800077,6.908599337995359,10.339337
9403800165,8.1168964702676,9.9244795
9403800319,5.487695516567193,9.5913
9008500103,8.499434015590785,10.499727
9008500228,1.3784467908321083,10.062268
9008500256,10.949392060230204,10.2852545
9008500362,6.300717481018831,10.040257
9008500535,1.1204436164968088,10.415134
9011900168,8.499434015590785,10.276308
9011900170,7.069521289046108,9.912812
9011900201,5.7463226384084365,10.025073
9011900222,4.89091377733286,9.569715
9011900225,2.134961297927347,9.823764
9011900312,6.01713848098864,10.351956
9011900312,6.01713848098864,10.351956
9011900342,5.240708532664743,9.86282
9011900421,2.287652246664289,9.826851
9011900671,2.134961297927347,9.526315
9016800272,4.7795829876952505,9.616094
9016800317,4.7795829876952505,10.021555
9044200079,7.402697562813775,10.098281
9239900211,4.259807821671483,10.733545
9239900222,1.4770323476194291,10.044157
9388000051,5.487695516567193,10.5417595
9388000051,6.447480044667415,10.5417595
9388000364,1.5466427375869445,10.500171
9388000364,1.5466427375869445,10.500171
9388000380,3.015712989638904,10.430126
9388000391,5.004837794194108,10.918933
9388000391,5.121415442300698,10.918933
9403800560,5.487695516567193,10.692582
9403800813,3.884990906937478,10.900113
9008500022,5.7463226384084365,10.140078
9008500080,6.01713848098864,10.086249
9008500492,2.626576211733084,10.257589
9008500829,6.751340417759738,10.317806
9008500968,5.004837794194108,11.00893
9011900680,5.487695516567193,10.829175
9011900865,3.4625017904490982,9.880249
9011900865,3.884990906937478,9.880249
9016800065,1.5114368506909526,9.8431425
9016800079,6.300717481018831,10.138523
9016800386,1.1732484973152024,9.5984335
9016800428,5.7463226384084365,10.2840185
9239900035,3.710137512885986,10.576375
9239900039,6.751340417759738,10.419075
9239900112,5.487695516567193,10.2539625
9239900272,1.3784467908321083,9.763312
9239900293,8.499434015590785,10.043561
9239900385,4.06808488757239,10.3940935
9239900501,3.085957969027533,10.0537405
9239900540,8.499434015590785,10.380283
9388000080,2.750362934937096,10.121476
9388000080,2.3409385127868907,10.121476
9388000130,7.575128540001153,10.2502985
9403800057,5.487695516567193,10.505978
9008500074,2.184690934959677,10.726944
9008500118,6.751340417759738,10.358594
9008500171,4.06808488757239,10.066037
9008500220,7.575128540001153,11.139909
9008500292,6.908599337995359,10.3840275
9008500542,6.157295641178537,10.040476
9011900025,8.900000000000006,9.805207
9011900144,4.259807821671483,9.972035
9011900254,10.949392060230204,11.338645
9011900272,6.01713848098864,10.6401205
9011900298,10.700153468094982,10.809507
9011900338,3.543153817926126,10.348133
9011900430,7.932133349390338,11.389562
9011900475,3.710137512885986,9.852388
9011900617,5.004837794194108,10.353411
9016800013,4.7795829876952505,9.919879
9016800056,5.3627803160617855,10.227052
9016800084,5.487695516567193,10.224446
9016800314,2.395465975494956,9.890432
9239900108,9.319444077653012,11.368175
9239900169,4.6707863962229785,10.506912
9239900641,4.460566379282725,10.889932
9239901001,7.575128540001153,11.040687
9388000053,1.4105549412903913,10.100549
9388000219,1.3784467908321083,11.104336
9388000219,1.3784467908321083,11.104336
9403800007,8.499434015590785,10.5839
9403800045,8.305963277093225,10.025369
9403800187,8.900000000000006,9.804283
9403800619,2.8144271175498585,10.363276
9008500084,2.750362934937096,9.554407
9008500089,15.826686749346422,10.987204
9008500303,7.234191593860486,10.7504
9008500328,8.499434015590785,10.616604
9008500398,3.306663538964836,10.204299
9011900048,5.6155203658737225,10.890302
9011900103,9.985964243287482,10.32576
9011900189,3.710137512885986,10.077732
9011900462,12.00576965506572,10.546989
9044200138,1.4770323476194291,9.657126
9091700092,5.487695516567193,10.360415
9239900141,1.5466427375869445,9.865716
9239900145,10.45658823896182,10.777259
9239900147,7.402697562813775,10.234565
9239900342,3.975483970143573,10.197847
9388000004,4.259807821671483,10.748606
9388000055,7.751575950609121,10.761704
9388000062,7.234191593860486,11.246719
9388000571,1.5114368506909526,10.030642
9403800023,8.499434015590785,9.996709
9403800881,1.5466427375869445,10.764478
9008500234,9.758655945674352,10.911675
9008500730,1.9924618133258227,10.035435
9008500731,3.975483970143573,10.740974
9008500848,12.28541995496568,10.671626
9008500893,7.575128540001153,10.994367
9011900013,5.487695516567193,10.37608
9011900045,8.1168964702676,10.043321
9011900101,1.6195337641628855,10.607017
9011900232,4.7795829876952505,10.419224
9011900783,2.8799835466736923,10.044276
9016800041,4.162842757456065,10.6192
9044200061,17.353616937846613,10.897346
9091700063,3.975483970143573,10.538511
9239900024,5.240708532664743,10.825679
9239900024,4.359031492379173,10.825679
9239900175,8.499434015590785,10.085279
9239900408,2.235578924043527,10.801589
9239900492,4.7795829876952505,10.957694
9388000142,4.6707863962229785,10.091671
9388000142,5.240708532664743,10.091671
9403800490,2.0388722109633184,9.669651
9008500221,10.218567231322265,10.00045
9008500405,6.59766114757817,10.9712515
9008500524,4.7795829876952505,10.688792
9011900304,6.751340417759738,9.618164
9011900330,5.240708532664743,9.611798
9011900364,3.884990906937478,9.755319
9011900429,5.487695516567193,10.435576
9011900584,3.710137512885986,9.924975
9011900793,2.8144271175498585,10.340521
9016800024,6.157295641178537,10.708789
9016800440,3.306663538964836,9.801353
9239900465,2.750362934937096,10.198711
9239900555,13.78446790832109,10.922083
9388000043,5.487695516567193,10.069213
9388000043,8.900000000000006,10.069213
9403800029,10.218567231322265,11.058837
9403800116,11.204436164968095,9.655287
9403801061,1.7353616937846603,10.300241
9008500067,4.460566379282725,10.620266
9008500114,6.751340417759738,11.131812
9008500239,5.487695516567193,10.918744
9008500239,6.01713848098864,10.918744
9008500326,1.5826686749346417,10.089391
9008500689,1.775783460322303,9.53594
9008500724,1.5114368506909526,10.892039
9008501028,9.758655945674352,10.529473
9011900118,6.300717481018831,9.847
9011900250,5.004837794194108,10.083936
9011900365,10.218567231322265,10.4140625
9011900521,2.8799835466736923,10.748957
9011900558,2.134961297927347,10.120892
9011900837,2.395465975494956,9.884188
9016800089,3.015712989638904,10.849724
9044200175,8.499434015590785,10.684627
9044200176,6.59766114757817,10.047085
9239900107,5.487695516567193,10.378335
9239900117,3.884990906937478,10.104115
9388000056,3.4625017904490982,10.30172
9388000063,3.796557717334176,11.21621
9388000773,5.7463226384084365,10.270209
9388001005,1.5114368506909526,10.979482
9008501016,3.2313946874539026,10.387881
9011900125,4.7795829876952505,10.5898075
9011900156,9.536521816614703,10.693269
9011900539,3.884990906937478,10.086242
9011900547,7.751575950609121,11.466611
9016800014,7.751575950609121,10.758653
9016800014,6.59766114757817,10.758653
9016800074,1.3784467908321083,10.12526
9016800144,2.3409385127868907,9.569041
9016800153,3.4625017904490982,10.442877
9016800167,1.5466427375869445,10.187272
9016800222,8.499434015590785,10.055046
9016800308,7.234191593860486,10.184313
9044200028,9.985964243287482,10.762429
9044200140,9.758655945674352,10.277721
9044200204,10.218567231322265,10.469392
9091700399,6.447480044667415,10.084865
9239900242,8.499434015590785,10.382079
9239900242,8.900000000000006,10.382079
9388000074,4.06808488757239,10.203191
9388000248,15.46642737586945,10.227814
9388000397,9.758655945674352,10.633221
9388000397,11.204436164968095,10.633221
9403800086,5.6155203658737225,10.366692
9403800120,5.487695516567193,10.507578
9403800256,3.543153817926126,9.745678
9403801173,1.4770323476194291,9.867504
9008500068,4.460566379282725,10.189114
9008500096,5.7463226384084365,10.90576
9008500805,3.015712989638904,9.695022
9011900024,6.157295641178537,11.460869
9011900314,10.218567231322265,10.42077
9011900376,6.751340417759738,10.028207
9016800109,1.0949392060230196,10.463356
9016800425,1.4770323476194291,10.679517
9239900088,5.7463226384084365,10.568703
9239900119,17.353616937846613,10.905558
9239900370,1.6958600389872902,10.010496
9239901328,2.3409385127868907,10.483411
9388000033,3.383685627252995,10.668649
9388000046,1.9924618133258227,10.68793
9388000105,5.487695516567193,10.496058
9388000105,4.5644663175231495,10.496058
9403800005,5.7463226384084365,10.815976
9403800397,3.383685627252995,10.538879
9403800694,8.1168964702676,9.799824
9008500020,10.218567231322265,10.89495
9008500069,6.59766114757817,10.901254
9008500082,5.7463226384084365,10.354014
9008500141,1.775783460322303,10.201669
9008500145,5.240708532664743,10.368532
9008500196,6.300717481018831,10.615159
9008500249,5.7463226384084365,10.26167
9008500323,5.7463226384084365,10.779801
9011900165,8.900000000000006,9.8699465
9011900218,11.732484973152026,9.758819
9011900247,13.78446790832109,10.700006
9011900500,4.259807821671483,10.391408
9011900529,3.2313946874539026,10.798438
9011900774,1.2864413959638756,10.033061
9016800001,12.86441395963876,11.44393
9016800186,2.0388722109633184,9.694265
9016800241,1.6195337641628855,10.378116
9044200001,7.932133349390338,11.443716
9044200147,1.775783460322303,10.337892
9044200248,1.6195337641628855,10.126158
9091700024,7.932133349390338,10.831652
9239900150,3.015712989638904,10.404417
9239900327,1.6958600389872902,9.941136
9239900446,2.508360808825364,10.247005
9239900446,2.9470669811950616,10.247005
9388000048,4.6707863962229785,10.140455
9388000160,2.9470669811950616,10.190783
9388000160,3.015712989638904,10.190783
9388000360,2.0388722109633184,10.171141
9388000547,3.1578391641788226,10.095577
9388000993,5.3627803160617855,10.258426
9403800117,4.259807821671483,11.062666
9403800119,8.1168964702676,10.129424
9403801579,3.1578391641788226,9.642783
9008500043,2.134961297927347,9.63168
9008500077,10.949392060230204,10.764045
9008500224,8.900000000000006,10.003879
9008500679,3.884990906937478,10.277967
9011900074,5.487695516567193,11.154631
9011900404,7.932133349390338,9.569591
9011900418,6.908599337995359,11.085149
9011900711,3.4625017904490982,10.636561
9011900859,1.6195337641628855,9.939997
9016800147,3.015712989638904,10.730368
9016800274,3.015712989638904,9.7845335
9016800321,3.1578391641788226,10.410836
9044200025,5.240708532664743,11.228232
9044200091,8.900000000000006,10.326881
9091700393,3.2313946874539026,10.800136
9239900136,6.300717481018831,10.736787
9239900182,3.2313946874539026,10.597587
9388000132,1.4434109866494478,9.986299
9388000132,1.4770323476194291,9.986299
9388000197,2.626576211733084,10.422635
9388000489,7.402697562813775,10.893019
9403800250,1.5466427375869445,10.110478
9403800295,8.1168964702676,9.967575
9403800636,12.00576965506572,10.511178
9403800911,5.004837794194108,10.192368
9403800968,2.8144271175498585,10.8494625
